clientekey,clientecpf,clientenome,clientesobrenome,clientetiposang,clienterua,clientebairro,clientemunicipio,clienteestado,clientedatanasc,clienteenfermidade
47a059e9-3af2-43bf-a8b2-8fc2920071d2,82228093291,Laust,Rasmussen,B,Bavnagervej 26,District Brug,Askeby,Sjælland                                          ,1951-05-23,psicootite crônica
20d2490c-b0bf-43ca-a5d0-88d7cf63d2eb,16777167041,Selma,Lund,AB,Eschrichtsvej 2,District Hvorfor,Vemmelev,Midtjylland                                       ,1946-07-04,gastrogastropatia
8e6de337-51d3-45f9-83bf-eb8fbfa4f0ec,27299749396,Xenia,Bruun,B,Ehlersvej 62,District Knap,Thisted,Midtjylland                                       ,1946-04-26,gastroarticulite crônica
3d0dfc1f-0269-43cf-9ef4-5c2c971e4b32,64633579630,Gyda,Larsen,A,Hollandsvej 2,District Skandale,Tisvildeleje,Nordjylland                                       ,1958-01-20,pneumoencefalemia
77bbda36-0752-46f0-9b73-acbb56476553,50087951069,Julius,Holm,AB,Frederikssundsvej 83,District Hele,Them,Nordjylland                                       ,1946-07-21,neuroretinopatia
ccb4bcde-a49d-40bb-923f-f75665577870,47065174289,Camilla,Frederiksen,B,Tirsbækvej 6,District Øjeblik,Anholt,Syddanmark                                        ,1970-08-20,cardioretinose
351a0e47-105a-4fdd-866c-9fc441be4acf,29834802435,Eric,Olsen,B,Bøhmensstræde 20,District Kommunikere,Gørlev,Syddanmark                                        ,1996-09-15,cardioneurplasia
dddc4560-b341-47be-9ddb-d8c5f4f70933,62510731548,Bent,Gregersen,AB,Amerikavej 23,District Øverst,Gesten,Nordjylland                                       ,1996-01-17,liporetinite crônica
c0f42e1d-d81d-4c06-98cf-f63b69b52f06,26122410297,Vivian,Svendsen,O,Lille Istedvej 515,District Bro,Stenlille,Sjælland                                          ,1994-03-11,psicomioemia
8042b48e-3e6a-4939-a05a-18f34c78f6ff,89348354564,Alberte,Nilsson,B,Cox Orangegade 517,District Angst,Uldum,Syddanmark                                        ,1981-03-01,otoneurite crônica
96b8ad28-14a9-41d7-8c3b-670ceec502ed,60263261157,Ulrike,Møller,B,Kalkbrænderihavnsgade 2,District Blive,Karlslunde,Syddanmark                                        ,1971-10-03,angioencefalplasia
81b0e071-b820-4618-8b63-3f6cb0cb2638,58528852712,Doris,Svendsen,B,Bøllegårdvej 9,District Lancering,Mårslet,Syddanmark                                        ,1950-08-10,cardiobronquopatia
891da062-c4b2-44f1-a9a3-d30619ee7cf4,24430376380,Inger,Johansen,AB,Hjortholmsstræde 91,District Vestlig,Skamby,Hovedstaden                                       ,1963-03-11,dermatoencefalite crônica
2ff24b3a-9873-49d5-bd69-99e0ccf84856,26319395057,Vivian,Christensen,A,Rahbeksvej 36,District Ord,Arden,Midtjylland                                       ,1989-04-01,cardiogastrite crônica
60d47080-1a60-4b34-99e1-59295ba67fd9,14996586884,Mike,Christensen,O,Vestervej 551,District Formode,Lille Skensved,Nordjylland                                       ,1945-06-11,dermatocutite crônica
911443cd-81c2-4fa1-8a5b-97cc9f2767a5,33691656917,Johnny,Jessen,A,Rebslagervej 292,District Investering,Toreby,Syddanmark                                        ,1957-11-13,cardiohematemia
ef3845ed-cca4-499d-8ba9-4546caafe820,87195654122,Lene,Lauridsen,O,Harwich Allé 142,District Permanent,Hjørring,Syddanmark                                        ,1993-12-17,dermatoarticulite crônica
b558416c-15e7-4749-918e-0de4fdb847b2,78415453841,Ritt,Jensen,A,Jægervej 24,District Spekulerer,Frederikssund,Midtjylland                                       ,2004-12-17,nefrmioalgia
2ae15326-960e-4c87-a31d-032b518efc66,00038287847,Nana,Winther,B,Dybbølsvej 904,District Forventer,Lunderskov,Hovedstaden                                       ,1963-07-11,osteogastrite
91ff389a-dffe-4e0e-87d5-656dc72956b4,97513642141,Rikke,Bech,AB,Bordeauxgade 1,District Version,Stege,Nordjylland                                       ,2007-02-24,nefrencefalplasia
244b03d0-6b18-46a5-98b2-722f1b278eb8,65068321767,Estela,Franco,B,Privada Sur de la Fuente 874 Edif. 736 , Depto. 854,District Yo,Nueva Sri Lanka,DF                                                ,2004-05-24,osteohematite crônica
0236275c-fa12-4076-a0f0-d7afa85e9d63,41568891311,Rebeca,Nazario,A,Calzada Yucatán 756 Interior 238,District España,Nueva Hungría,DGO                                               ,1962-08-13,neuroretinite
ef24b06b-f1a3-4393-9ea2-4cbadd61a33a,17430592553,Miguel Ángel,Preciado,O,Eje vial Puga 781 430,District Distintos,Nueva Venezuela,MEX                                               ,1991-07-15,hepatohematplasia
f2ae4c81-1d48-4a7b-bb7d-f7e469973971,09039010412,Ilse,Fierro,B,Circuito Vela 513 Edif. 851 , Depto. 749,District Especial,Vieja Afganistán,TAB                                               ,1973-09-10,neuroretinopatia
57d3aca5-a752-4be5-89cc-df504a3defd0,12744508540,Elias,Loera,AB,Cerrada Caldera 910 Edif. 815 , Depto. 752,District Muerto,San Jacinto de la Montaña,VER                                               ,1971-09-15,otoencefalemia
5ee48e2e-8b94-4a2a-92c1-b316e5ca1551,99066820217,Gregorio,Navarrete,O,Eje vial Anguiano 319 Edif. 004 , Depto. 055,District Entre,San Omar de la Montaña,MEX                                               ,1981-06-04,cardiohematose
627b7f5e-5d60-4793-a32c-8369752c4b90,67036260618,Esther,Montalvo,B,Continuación Valdez 413 673,District Estudios,San Oswaldo de la Montaña,SIN                                               ,1996-05-22,pneumoencefalplasia
437fdfac-26c6-4a0c-82d1-c432fd3ed5a6,93610450501,Victoria,Orosco,B,Prolongación Eslovaquia 700 Edif. 578 , Depto. 390,District Hombres,Nueva Chile,DF                                                ,2003-10-19,gastrogastrite crônica
edf57348-eaed-48b3-a719-bd451b30fdde,60932675610,Alicia,de la Crúz,O,Privada Treviño 950 617,District Contenido,Nueva Noruega,Q. ROO                                            ,1994-07-03,neurovasculalgia
0080f9b2-97bc-4745-bf2b-667aae305f25,38953898567,Sandra,Vergara,AB,Retorno Zambia 615 Edif. 223 , Depto. 103,District Proyecto,San Mariano los altos,CAMP                                              ,1982-03-08,lipootite crônica
766c5cb8-38be-49e6-aade-7a9a5ea2e0cb,11002326030,Blanca,Caballero,B,Circunvalación Senegal 096 509,District Decía,Vieja Mauricio,COAH                                              ,1980-01-08,otoarticulite
736d3df2-38ea-48b8-b921-185a5e7bb626,57152725764,Jesús,Serrato,A,Boulevard Sur Brito 963 Edif. 377 , Depto. 520,District Sur,Vieja Letonia,TAMPS                                             ,1954-10-26,dermatomioite crônica
36e77de6-f1a5-45e5-b686-1dfcd02043b3,71594983458,Gregorio,Ruiz,O,Cerrada Carvajal 097 Edif. 555 , Depto. 927,District Internacional,San Gabino de la Montaña,TLAX                                              ,1950-02-01,otogastremia
235ba7e6-5ef6-4389-87f9-3b8970a5ac2c,45501745182,Dolores,Guardado,A,Continuación Grijalva 361 Edif. 536 , Depto. 869,District Partir,San Débora de la Montaña,CAMP                                              ,1975-10-15,osteohematalgia
03b4a03c-dc1d-4077-942b-c0a4bf5b9847,75787199140,Luis Manuel,Campos,O,Andador Norte Hernandes 757 Edif. 666 , Depto. 565,District Da,San Victoria de la Montaña,BC                                                ,1998-12-17,hepatocutemia
d8e25d13-7a02-4eb6-adc0-775635236197,56460022293,Dolores,Noriega,O,Ampliación Gallardo 506 Edif. 360 , Depto. 664,District Conocer,San Leonel de la Montaña,COAH                                              ,1977-10-22,cardiohematemia
eb07aa3f-c8d7-4253-94e2-fcb94d06e96f,54529788935,Elena,Santacruz,AB,Eje vial Egipto 336 414,District Condiciones,San Reina los altos,PUE                                               ,1968-05-09,psicobronquoma
4c845b10-72c5-4bc0-8450-88b669c20aa1,19859653373,Esmeralda,Llamas,AB,Circuito Eslovenia 262 Interior 980,District Mes,San Zeferino de la Montaña,VER                                               ,1984-09-22,cardiootite crônica
bf1cd1d8-0732-42da-b526-eaf00eeda115,70977119448,Miguel,Lira,O,Calle Sur Arroyo 914 Interior 472,District Naturaleza,San Luisa los altos,HGO                                               ,1992-01-13,dermatoretinose
d4b2ff0b-043c-4c29-9809-3395616408c7,69970154762,Leonel,Vera,A,Prolongación Patiño 203 541,District Personas,Vieja Islas Salomón,QRO                                               ,1983-11-06,gastrocutopatia
e08fa372-97a7-46f4-9e01-dc4ba858e8ac,01802843634,Ilse,de Anda,O,Circuito Hidalgo 258 Edif. 506 , Depto. 186,District Secretario,San Javier los bajos,TAB                                               ,1980-09-30,cardiohematite crônica
63187534-9205-4549-9aa4-49154912f698,41110112181,Gilberto,Páez,B,Retorno Norte Santillán 242 Edif. 662 , Depto. 044,District Centros,Nueva Malta,TAB                                               ,1974-11-20,osteocutemia
fa8b0278-b02e-485c-bf3f-63d6edff6775,98933187863,Benito,Guillen,AB,Eje vial Tamaulipas 116 Interior 776,District Final,San Hugo de la Montaña,GTO                                               ,1981-05-16,osteootalgia
394e307f-5fb0-4949-b740-9f3166906402,25398987742,René,Nava,O,Eje vial Norte Borrego 555 Interior 314,District Todo,San Abel los altos,DF                                                ,2005-10-02,hepatovasculalgia
3979f939-94a4-4f32-a1d2-1911f751afa6,77211499057,Victoria,Ramírez,A,Calle Coahuila de Zaragoza 125 Interior 213,District Debido,San Joaquín los altos,VER                                               ,1993-08-01,hepatoneuroma
cd2cf355-42ce-4a23-a053-df4298f1250f,65150745963,César,Olivares,O,Circuito Morelos 450 379,District Mesa,San Olivia de la Montaña,MEX                                               ,1957-10-23,hepatomiooma
57b6aa41-0ca9-4615-81d9-e1292a000400,40634513579,José María,Limón,O,Retorno Tamaulipas 038 Edif. 275 , Depto. 014,District Aun,Vieja Jordania,SON                                               ,1997-07-17,psicobronquoma
48d3d428-3971-4916-84b4-f6ec44e867f8,09354533143,Abel,Vaca,A,Prolongación Sáenz 761 788,District Salud,San Esparta los bajos,CAMP                                              ,1949-05-28,osteoencefalplasia
78df8481-d54b-4de2-90b5-6e2070e8a077,55129728719,Benjamín,Rivero,B,Callejón Ortega 129 Interior 451,District Necesario,San Mitzy los altos,MICH                                              ,2007-11-04,cardiootite crônica
e8598151-9775-4264-9866-5f14dbef7adb,31550044825,Rosario,Pizarro,B,Eje vial Herrera 086 Interior 241,District Rosa,San Felix de la Montaña,PUE                                               ,1966-03-30,psicocutalgia
25331d24-062f-43c4-8466-e847b1332310,65008310546,Philippine,Hoarau,A,54, avenue de Fleury,District Saisir,Prévost,LC                                                ,1994-10-19,gastrohematalgia
2d127f54-75a7-4a88-89f8-6a15abfb9dbd,11001326007,Thérèse,Dos Santos,B,55, rue Julien,District Oh,Laine,CF                                                ,1989-07-28,neurovasculplasia
031bbcc6-d8de-4de0-93f1-266e9d220749,32018866107,Lucie,Pottier,B,76, rue de Dufour,District Taire,Saint Étienne,SA                                                ,1984-03-21,angioarticulplasia
1ab3d75e-8aa6-4e5c-a83c-9d2da5adb970,76620624795,Michèle,Chartier,AB,88, avenue Hélène Foucher,District Causer,DevauxVille,GR                                                ,1957-06-25,hepatocutite
bf4d5208-557b-40bf-9779-1c9dd4ffefdd,96472159208,Virginie,Colin,B,3, boulevard Durand,District Trouver,Colasnec,AG                                                ,1997-06-16,gastroencefalose
98936353-6b49-45ad-8f8a-f6b02d9e6d76,44676709100,Alix,Martin,AB,avenue Georges Jean,District Capable,Grégoire-sur-Thomas,CA                                                ,1954-04-18,pneumobronquemia
c4ce097d-ad06-46bb-893c-3195142e0a65,29548464612,Sophie,Gosselin,A,98, avenue Anaïs Gaudin,District Vouloir,Benoit,MR                                                ,1947-01-07,gastroarticulopatia
ff5cb28d-41d3-43b3-b48b-5fc09784b95c,73487887312,Capucine,Jourdan,O,7, boulevard Lopes,District Arrêter,Saint Stéphanedan,HT                                                ,1965-03-24,neurocutemia
6d660f2e-de86-4500-b4ca-c59c99750662,67543821653,Maryse,Godard,O,68, rue Juliette Lecomte,District Même,Bodin,BT                                                ,1952-10-07,angiovasculite
b2640f9e-c497-4c88-a453-022988c4623b,86872484118,Lorraine,Le Goff,O,9, avenue Germain,District Cependant,Launay,HU                                                ,1974-08-20,lipocutose
24ad16a4-0c08-480c-8d42-72b519bb1821,42461719280,Alix,Marion,AB,5, rue Christophe Goncalves,District Tranquille,Teixeira,ME                                                ,2004-06-24,nefrvasculoma
92be6936-2cc7-407e-8247-9192970cfe39,48298488242,Clémence,Thomas,O,8, boulevard de Lacroix,District Suivant,Gaudinnec,PY                                                ,1995-06-14,neuromiooma
df48a084-78fe-4fbd-8d3f-d9f6ee07a35d,25336248306,晃,木村,O,403 鈴木 Street,District 状況,江戸川区,BO                                                ,1964-09-26,liporetinite crônica
998abd10-c836-440d-a918-a608f6da2461,73080785810,翔太,佐々木,O,323 伊藤 Street,District 編組,横浜市港北区,US                                                ,1977-10-29,lipohematemia
a361e3d8-b58e-45d3-8edf-ae91f01a3332,01548492041,太一,伊藤,O,403 石井 Street,District トス,東大和市,MY                                                ,2002-10-26,gastrootose
15026a1b-70b2-4da6-9019-a7b219c99a5f,41576472340,学,松田,AB,253 長谷川 Street,District アクセルペダル,山武市,CV                                                ,1992-08-07,gastrocutalgia
830177fb-b318-4c52-909a-c2005642e870,39564602559,晃,坂本,B,144 林 Street,District ダッシュ,あきる野市,ST                                                ,2000-07-14,pneumohematplasia
8a034a8e-ffc1-424d-8cbf-a32087221001,28947978453,聡太郎,田中,O,034 藤原 Street,District 自体,大田区,GM                                                ,1947-06-01,otoneuralgia
79a10882-743c-47f9-b623-a689b5229237,87241434408,知実,加藤,A,083 福田 Street,District 電話,横浜市戸塚区,PT                                                ,2003-04-04,cardioencefalalgia
e5165fcd-e41a-4574-afe7-093d8f0bfc4c,28050655419,太一,後藤,B,626 井上 Street,District カラム,小平市,TV                                                ,2003-01-16,hepatohematite
f8902411-0eb8-404a-a78d-e4a49fdc0af8,60897734599,結衣,斎藤,AB,419 阿部 Street,District 発生する,四街道市,NL                                                ,2007-10-29,otoarticuloma
22e47b02-d9c9-4b82-b89d-80351a7af363,90399991765,直人,渡辺,O,903 松田 Street,District 転倒,清瀬市,CG                                                ,1963-07-09,lipocutose
a5a38471-3bfb-4b90-97b3-e7469315712e,95180018838,学,田中,B,101 佐藤 Street,District 目的,墨田区,WS                                                ,1995-02-14,neuromioose
a75923a4-7bc9-4f74-bb5e-fcfbe82177a3,14668742926,翔太,中村,O,548 佐々木 Street,District 欠乏,新島村,AF                                                ,1958-03-21,pneumootalgia
c4ac7389-e5f8-4eb4-882c-be47560c0221,66330024968,加奈,長谷川,A,697 斉藤 Street,District 動物,川崎市川崎区,HT                                                ,1978-05-25,otohematite crônica
6307a66b-d904-4d39-b9e0-54c39341a58b,24418342781,七夏,高橋,B,793 森 Street,District サンプル,横浜市戸塚区,SN                                                ,1957-07-17,pneumovasculose
71039583-c1f8-4670-8cd7-b279cbdea388,75191388306,京助,山下,A,008 太田 Street,District プラスチック,御蔵島村,GN                                                ,1958-11-06,pneumoretinalgia
a59f4ec8-4494-439d-af0f-b7971cd638bb,62822139723,太一,村上,AB,839 木村 Street,District トレーナー,足立区,HR                                                ,1962-05-08,psicobronquite
1ec9aa77-dca5-483a-badf-0a5e61373fda,07382100428,聡太郎,山口,AB,571 坂本 Street,District 仕上げ,府中市,CH                                                ,1955-11-23,lipootopatia
a350f7e2-6391-4dd8-a903-fd6d14afaa72,63181741849,Daniel,Allen,AB,184 Adams Brace,District Voluptatem,Lake Seanberg,VIC                                               ,1948-03-17,pneumohematemia
be640a61-bc39-4e94-9b38-f3c7f7de229b,14553372484,James,Morrison,A,Level 2 96 Tracy Dell,District Ipsum,Jeremyhaven,ACT                                               ,1950-02-18,cardiogastrite crônica
0e458772-2506-42e3-9dc0-78b76368005e,87304479539,Gerald,Wright,AB,00 Ronald Mews,District Repellendus,West Travisview,TAS                                               ,2006-01-16,hepatomioopatia
bacac600-d0ea-46d2-99cb-d5e673b97b6a,39370823631,Laura,Carlson,O,09 Burton Amble,District Eligendi,North Henry,QLD                                               ,1992-03-29,hepatoencefalopatia
6ca120d4-18d3-4830-8223-51fba57b9c29,25225237920,Ernest,Hernandez,AB,Suite 888 4 Perez Wade,District Architecto,Bruceside,QLD                                               ,1986-09-06,nefrvasculopatia
52cb066f-c8e4-4e79-aaf7-f6d1a8b29f13,23669210709,Cynthia,Mueller,B,Flat 58 0 Jacob Parade,District Assumenda,Christopherfurt,WA                                                ,1972-10-24,gastroencefalite crônica
ddc2102b-0176-4861-91ed-793c74118742,36471912079,Meagan,Robertson,AB,9/181 Neal Highroad,District Quas,Lake Donnaburgh,TAS                                               ,1958-09-20,otocutoma
ba4033df-d95e-4e9f-b8d5-5ca80aa5a982,47165179352,Jason,Mckee,AB,710 Brittany Pathway,District Officia,South Jeremyhaven,TAS                                               ,1959-10-28,pneumoencefaloma
77912493-bf72-4718-ab49-bd01ed5b7b07,85912099982,Jessica,Thomas,AB,527 Jacob Esplanade,District Vel,Derekfurt,TAS                                               ,1991-10-04,hepatohematoma
3e8182c8-8e21-488d-8bd8-cdf615eb0d23,53773141943,Angela,King,AB,6/882 Wilson Mew,District Optio,Virginiaborough,QLD                                               ,1949-08-20,otocutemia
e385c31d-6335-439a-8678-10e5868393d7,31039154888,Rebecca,Marshall,B,2 Perez Round,District Inventore,Amandaview,WA                                                ,1951-02-05,psicohematalgia
cabc2f09-ea9e-40b7-b17d-598870d10e38,86221884700,Michael,Duran,A,Level 7 0 Perez Upper,District Accusamus,Wardton,SA                                                ,1950-02-14,lipoarticulite crônica
3f5f9055-24f9-4e6a-82c7-7562e321a258,25464961147,Amy,Williams,B,Apt. 969 321 Heather Reach,District Sint,Michellestad,SA                                                ,1946-06-28,lipogastrite crônica
e989e037-680d-4382-ba7a-affed399e6df,76041868625,Danielle,Black,A,078 Virginia Stairs,District Aliquid,Christopherbury,ACT                                               ,1997-10-11,hepatoarticulopatia
aa8a8ac8-4e96-4020-8a64-12aa3a0a4478,31968253481,শারমিন,সরকার,B,ষ্টুডিও ৭৩, বাসা নং ৩, শ্যামহার মহাসড়ক,District কোন,ঝালকাঠি,UA                                                ,1990-07-27,pneumogastremia
bc690781-7941-40aa-ab42-1d60e08c4884,79838029717,জগদীশ,তাবাসসুম,O,অ্যাপার্টমেন্ট ৯, বাড়ী নং ৮, শাজাহানবাজার রোড,District তাদেরকে,বরগুনা,CU                                                ,1999-02-17,psicoretinplasia
ca86e918-304f-4c4a-976e-7457dee528f4,65933198411,শ্রাবন্তী,গঙ্গোপাধ্যায়,O,ফ্ল্যাট ৬৭, বাসা নং ২, আলিস্টেশন,District ঢোল,পিরোজপুর,NO                                                ,1982-09-07,cardiovasculemia
c46c55ae-377d-4483-b5fe-6c091f626d60,90744500118,আবু,হুরাইরা,A,বিল্ডিং নং ২৩, কালীলেন,District কেউ,রাজশাহী,AZ                                                ,1968-07-06,nefrencefaloma
c7db37c3-6d1a-4fa8-b78a-880c64e0902d,10200801449,অঞ্জনা,আলি,A,বিল্ডিং নং ৭৯, মোল্লানগর,District কলেজ,মুন্সীগঞ্জ,NE                                                ,1976-06-09,osteoencefaloma
617b7a27-2958-4506-86ec-d30a9eaca2a0,69519247561,সজীব,আবদুল্লাহ,AB,বাড়ী নং ৫৯৮, বেগমপ্লাজা,District আমাদেরকে,পাবনা,SD                                                ,1978-09-12,osteobronquite crônica
761a92d4-984c-4d41-94f4-eb3436b6bddd,29034384709,রায়হান,মিশ্র,B,অ্যাপার্টমেন্ট ৫২, বাড়ী নং ৯৬, পশ্চিম মানিকনগর চত্বর,District তারা,ঢাকা,RW                                                ,1952-10-31,psicoarticulplasia
08ef0aa9-be56-4da0-aca1-796f66e694b9,34749830403,মোনালিসা,বেগম,A,বাড়ী নং ২৭৩, উত্তর মিরবাড়ি মহল্লা,District তারা,ঝালকাঠি,LU                                                ,2001-10-06,nefrvasculite crônica
8e23104e-d7a8-4c75-9449-66cc34f260b2,96031215746,বাঁধন,খান,A,বাড়ী নং ১৫, পার্বতীপার্ক,District চকমক,টাঙ্গাইল,SR                                                ,1985-09-18,cardiovasculplasia
59307f6c-e791-4807-88bb-27aef560e938,20655544939,আসাদ,ব্যানার্জি,B,বাসা নং ৭৪২, চিতলগলি,District খোঁজ,রাজশাহী,NE                                                ,2005-01-25,angioneurite crônica
397421db-f999-445a-a67d-161b8f281381,70664298670,অনন্যা,রায়,A,ফ্ল্যাট ২৬, বাসা নং ৯, নাজিরবাড়ি এভিনিউ,District ওরা,কুষ্টিয়া,ES                                                ,1984-10-04,lipovasculplasia
2454f84c-07bf-4325-af8f-7506129fc11c,09028582862,প্রিয়ম,জাহান,B,বাসা নং ৮, হোসেনগ্রাম পার্ক,District বালতি,ঝিনাইদহ,UA                                                ,1944-12-06,hepatovasculite
473d41ee-f37c-4c14-87eb-fe2197077db9,39363422809,কুনাল,বসু,O,অ্যাপার্টমেন্ট ৭২, হোল্ডিং নং ৩৯, আনোয়ারডাঙ্গা,District আপনারা,পটুয়াখালী,CL                                                ,1973-08-31,lipocutalgia
377a0389-893c-4f3e-864a-932a2c9b86bf,89621932062,অক্ষয়,বেগম,AB,ফ্ল্যাট ২৩, বিল্ডিং নং ৩, দক্ষিণ আলিপাড়া,District কাগজ,বরগুনা,CV                                                ,1968-05-07,cardiocutite
c1b3a21b-5726-4eb5-b670-02bc5a03e87a,35070040935,লতা,দে,A,ষ্টুডিও ৯, বিল্ডিং নং ৮৮৬, মোহাম্মদপার্ক,District লবণ,জয়পুরহাট,UG                                                ,1986-07-25,angiomioite crônica
75658c9d-d3db-40b5-80dd-b32e048a5fbb,30562287063,Elke,Verschueren,B,Jeanlei 274,District Plank,Soulme,KP                                                ,1989-01-15,otootose
c3ee43ee-1164-4ec1-a961-db182a577206,96732368284,Paula,Willems,AB,Mauriceweg 407,District Leuk,Rijkhoven,GB                                                ,1975-12-02,neurovasculoma
bdd119fe-ae95-486c-9623-81058b4bdbcd,40951975082,Michiel,Vos,AB,Anoukpad 5,District Zo,Tildonk,ML                                                ,1986-08-25,dermatobronquplasia
ba9d739a-4bfb-41aa-9bea-2b4b03528bbd,25044167351,Emma,Debruyne,A,Pierresingel 5,District Dorp,Berneau,GT                                                ,1990-03-21,lipocutose
edd31565-db89-4d5c-ad39-2b061c52735c,66604831740,Loes,Pieters,B,Freddystraat 43,District Een,Bailièvre,GW                                                ,1955-05-01,angioretinite crônica
779011ac-3106-45ca-a9aa-19e0f6850bbe,25195258417,Christiaan,Goossens,A,Jellering 00,District Markt,Roksem,HU                                                ,1962-06-29,otovasculoma
ca2e547f-ee43-470f-b806-adc7f21507ec,07062887845,Maria,Eeckhout,A,Jessicahof 89,District Positie,Tillier,GA                                                ,1984-06-12,neurobronquemia
81a3d0a6-1eca-46d8-bade-032f341d8e6c,74942553138,Sara,Willaert,O,Armanddreef 19,District Vuur,Acoz,TR                                                ,2001-02-02,otovasculemia
d8fbce75-c896-475c-a063-06257190d39e,53824226465,Fatma,Peeters,B,Juliapad 764,District Bloed,Durnal,TO                                                ,1951-07-04,osteoretinoma
9154281a-8983-4de2-b032-2e8ade41da3d,44714984702,Hilda,Wouters,AB,Annpad 385,District Fit,Nieuwkapelle,VE                                                ,1949-03-24,hepatovasculite
8e0aa610-097b-4abb-a27c-46f8c56e04ef,74008191647,Eva,Bracke,B,Ghislainering 2,District Rubber,Lathuy,TD                                                ,1980-12-10,osteomioose
87419b63-84a2-42ab-bf74-d3c69aefec39,56499166551,Ruben,Van Belle,O,Fleurbaan 49,District Redden,Quiévrain,BH                                                ,2003-02-12,liporetinite
b5d081c0-4599-4a2b-aa5f-b14b0025b467,71829586725,Dave,Jacobs,B,Sofiapad 1,District Ziek,Houthulst,BR                                                ,1945-02-17,osteocutopatia
415ad49f-5da5-4add-995f-53fae9ba0c5c,05000967052,Anna,Smolders,O,Bartstraat 025,District Horen,Leffinge,SA                                                ,1981-04-14,gastroarticulalgia
5cc04659-7790-4b74-9a68-41c81e2b49c8,79221053633,Eric,Jacobs,B,Larssteeg 9,District Langzaam,Jemeppe-sur-Sambre,MU                                                ,1977-06-28,otoarticulite crônica
ea94f526-a385-4152-9060-4bf0ef1e4000,98845948182,Jean,Vandekerckhove,A,Jozefbaan 151,District Kruis,Grand-Rechain,IQ                                                ,1986-03-04,osteogastropatia
c704d750-9f59-4bd1-a893-15e34d38ad64,00722774958,Ilona,Horváth,AB,Hídnémetii utca 156.,District Quaerat,Hajdúszékvárad,NR                                                ,1952-11-25,angiovasculopatia
d9ea2c93-4cf6-4de4-9a97-d22ceb0df046,60684125616,László,Orosz,A,Mosonmelléki utca 7.,District Expedita,Fürdőhalas,DZ                                                ,1951-07-17,dermatoneurplasia
a036c973-30f4-434c-9687-f9b9a37eb332,44000317147,Nikolett,Németh,B,Ligetfalvai utca 63.,District Quas,Baja,SO                                                ,1945-05-22,neurocutite crônica
0b6dca92-41a5-49ea-a611-215bd692f20d,52300477886,Irén,Jónás,A,Németii út 115.,District Sit,Hetvendevecser,GE                                                ,1999-11-22,nefrneurplasia
2b30b875-1a8e-48ff-9fb0-44f7d653802c,34911537991,Viktor,Horváth,AB,Bakonyhetveni utca 61.,District Ratione,Lajostapolcaberény,MR                                                ,1989-06-17,gastrogastropatia
da3c2e6b-d354-4cae-a4ae-d271a2edbc02,07847182168,Mónika,Kiss,A,Dózsa györgy utca 90.,District Impedit,Tótváros,CV                                                ,2007-08-05,neurohematoma
bbcebaec-94be-4bf6-acf5-7e473dc2c6f6,36859056539,Richárd,Szabó,B,Ceglédi utca 36.,District Quo,Mindszenthida,DJ                                                ,1992-12-22,gastrogastremia
bf36d688-62ac-43d2-aa6e-ea9e570ee2d7,52070817756,Károly,Horváth,O,József attila utca 95.,District Dolorem,Kőrös,GA                                                ,2002-02-05,osteomioopatia
8dcef42d-cbc8-46c8-a5ab-6c3a88509712,88285386267,János,Tóth,A,Veszprémi utca 2.,District Nobis,Drávatapolcafalva,UZ                                                ,1991-01-22,pneumootopatia
583ef028-1cfc-4a2d-a33e-ec0d2b327796,85227180360,Csaba,Fekete,B,Tapolcafalvai utca 82.,District Qui,Baja,ST                                                ,1954-04-06,hepatoretinite crônica
7a9ad845-d388-4e5f-8f79-76c45d842dc2,94402706843,Ferenc,Takács,A,Petőfi sándor utca 98.,District Doloremque,Dunaújváros,AL                                                ,1979-04-15,lipobronquose
e1ce860a-76ce-4421-93f8-ec05d4f3dc89,23199546559,Zsófia,Sipos,O,Dunaújvárosi tér 77.,District Fugiat,Pusztamellékhida,UG                                                ,1979-04-20,angiogastrite crônica
3f70794c-dda7-4d53-8a6e-66fa293e53c5,27192016166,Макар,Пилипенко,B,сквер Ірини Жиленко, буд. 5 кв. 811,District Взагалі,хутір Барвінкове,CL                                                ,1956-06-11,neurovasculalgia
187e3547-4dfe-4444-841d-7801e47e7d7b,70933421584,Володимира,Яценюк,A,узвіз 5-та Лінія 6-й ст. Люстдорфської дороги, буд. 12 кв. 705,District Ніч,село Курахове,BZ                                                ,1950-04-05,nefrbronquite crônica
3d1601de-165b-4fd1-aa95-223ce01c63b3,77598030128,Вадим,Перебийніс,A,парк Лінія 22-га, буд. 39,District Дрімати,місто Красногорівка,SZ                                                ,2007-01-31,otocutite crônica
fcea5879-758b-4cf1-9d67-f26478d7f712,79068506637,Андрій,Фартушняк,A,сквер Тепла, буд. 259 кв. 5,District Покидати,село Лутугине,TW                                                ,1994-06-22,cardioencefalplasia
d294b65d-ece0-4f8a-88f0-c4df732f9674,13464191718,Демид,Яремків,O,вулиця Джутовий, буд. 618,District Синок,хутір Броди,MU                                                ,2001-11-07,hepatoretinemia
972315f2-3809-4d79-a411-ae3501cf6024,87864455462,Йосип,Шамрай,A,вулиця Ганни Ахматової, буд. 0,District Правління,селище Жовті Води,AR                                                ,1952-01-03,cardioarticulose
612223d1-96c7-4673-9e8d-1c750cb7f04b,18334664994,Гаврило,Кармалюк,B,узвіз Сумська, буд. 2 кв. 0,District Гроші,селище Могилів-Подільський,SE                                                ,2005-06-08,dermatovasculemia
3c9e0c82-ac0b-428d-906b-df3cb8451324,25826725839,Богуслава,Лемешко,B,шосе Ігоря Іванова, буд. 382 кв. 3,District П'Ятеро,хутір Бердичів,UZ                                                ,1994-06-10,nefrmioopatia
d2ca8c6c-d046-4b17-a94d-71406b1cb2fb,96457993109,Віталій,Фастенко,A,набережна Мерло, буд. 5 кв. 569,District Дальній,місто Ківерці,GR                                                ,1960-03-21,angioarticulplasia
74219f73-0346-46a3-bfb5-6a35f82a17ab,85979729826,Роксолана,Чуприна,O,узвіз Городня, буд. 57,District Зима,місто Сорокине,KE                                                ,1949-09-03,otootemia
41090dd3-4e84-45e5-8683-8f829ec2dde0,64068445613,Антон,Цимбалюк,AB,площа Новоселів, буд. 927 кв. 1,District Потягнутися,село Тетіїв,LI                                                ,1956-02-26,nefrretinite crônica
e362853c-b54a-41bf-bade-cbf1278d4a4a,84303555439,Ганна,Титаренко,B,площа Приморська, буд. 55 кв. 47,District Зупинити,село Привілля,AF                                                ,1987-11-10,psicocutose
f4141bd1-6fe5-42b3-b00b-ce6b494d2876,74154568893,Антон,Гоголь,B,узвіз Посівна, буд. 0 кв. 7,District Спалити,хутір Кодима,MU                                                ,1989-11-13,lipomioose
60d04df9-acb4-49fa-9491-af2c2bd2ddc9,44435773829,Варвара,Захарченко,B,набережна Скляна, буд. 5 кв. 98,District Квапливий,хутір Тиврів,SA                                                ,1952-03-05,gastrootose
c85d8012-ec6e-41b6-856d-e25983de28ca,26747491647,Демʼян,Атаманюк,O,сквер Агрономічна, буд. 6,District Призначити,місто Нікополь,BI                                                ,1993-09-03,pneumocutalgia
486ca098-d751-4599-9208-2b8aaaa68cf6,96355129982,Ярина,Опанасенко,A,набережна Церковна, буд. 7,District Серйозний,село Вознесенівка,HU                                                ,2000-10-16,osteocutalgia
837dda38-25e7-4c13-8a01-6f87ae4a1917,48951221901,Magdolna,Simon,O,Béke út 29.,District Natus,Pécs,KG                                                ,1944-12-06,
93bb24e2-ad53-4d7f-8218-3e1c7c70340a,70312868263,Гліб,Баранець,A,вулиця Новий, буд. 509 кв. 363,District Летіти,село Родинське,HU                                                ,2001-04-06,
8eb928d0-dac0-4f94-9a52-e812a84f6182,47142243566,Theresa,Boyle,O,95 Bennett Highway,District Excepturi,Jenkinsport,SA                                                ,1961-02-27,
fafec066-957f-4902-847b-288df8d2902c,61028256469,Cristal,Narváez,B,Prolongación Campeche 051 756,District Visita,Nueva Haití,BC                                                ,1970-11-04,
0aa50ca8-f874-4bc2-8fbf-6aee3599b86c,20633479986,Hilde,Derycke,AB,Kellysingel 818,District Lachen,Hundelgem,TR                                                ,1991-11-13,
970c52eb-e56b-4700-b5dc-b4174e96d5dd,16205432877,অদৃতা,মোড়ল,O,অ্যাপার্টমেন্ট ৬, বিল্ডিং নং ২৩৯, কালিয়াস্টেশন,District তবলা,মাদারীপুর,BE                                                ,1952-02-08,
c4b3f528-cdd3-420e-b9b6-5d113f4b51be,05333304619,明美,小林,B,430 鈴木 Street,District 細かい,印旛郡栄町,NZ                                                ,1957-12-31,
151006d4-7fc5-4732-9717-4d56942953e0,61609657082,Mária,Szőke,A,Mártonfalvai utca 120.,District Soluta,Nyékhetvenháza,NA                                                ,1955-06-18,
6e7b5c9e-769b-42a3-8610-d77516deefac,95567358031,Raúl,Valle,B,Peatonal Nayarit 112 Interior 481,District Buena,Nueva Dominicana,HGO                                               ,1987-03-03,
aed9ec01-b075-404a-8388-4f721b3524ea,27897739586,Krisztina,Juhász,B,Szombathelyi utca 11.,District Ipsa,Győr,KR                                                ,1950-10-20,
0be2082e-2f8a-4c41-bf3a-13a1b55eaad0,89905294188,লতা,সাহা,AB,অ্যাপার্টমেন্ট ৭, বাড়ী নং ৫৯, মধুনগর,District কামিজ,যশোর,CZ                                                ,1999-11-11,
afdff409-0936-4fe1-8b8c-49bafe87f4f1,12737894751,Gilbert,Hamon,O,boulevard de Martin,District Haut,Perret,CD                                                ,1977-01-05,
6fa069b4-3bdb-4a62-a19e-bc0cf78cdcf0,84028244299,Jonathan,Jenkins,O,3 Young Roadway,District Fuga,Davisview,NT                                                ,1989-03-03,
129168ab-016c-4bf9-aaba-5c4d9a4a3ea5,71276140118,Véronique,Martel,AB,23, avenue Susanne Guyon,District Causer,JacobBourg,CD                                                ,1994-11-01,
007debb5-a4a6-4d0b-95e2-0720dfbcc52c,48595774623,Suzanne,Gautier,O,boulevard de Ollivier,District Plan,Texier-sur-Millet,GE                                                ,1964-09-01,
9e27375c-1202-4a12-a0bf-aa0307dba029,61558672342,Соломія,Байда,AB,набережна Біржова, буд. 9 кв. 3,District Важкий,хутір Каховка,TH                                                ,1995-03-09,
97cdc633-389d-4b7b-8b22-6b354b6866c6,04959976021,অভিষেক,ইসলাম,AB,অ্যাপার্টমেন্ট ৫, বাসা নং ৮৭৩, মধ্য মধুমাটি,District এঁরা,পঞ্চগড়,BY                                                ,1998-10-18,
f771a35d-d1bf-4782-8299-cefd67071025,43919617871,Євген,Михалюк,B,сквер Леха Качинського, буд. 9,District Недолік,селище Луцьк,TZ                                                ,1964-03-16,
e4d32d22-00e2-48a7-88bc-1a0c8bb69a0e,32993167217,বৃষ্টি,মজুমদার,B,বিল্ডিং নং ৭, দক্ষিণ কুতুবচর,District মানুষজন,ঠাকুরগাঁও,GR                                                ,1953-04-03,
97732f9e-0250-4a17-98e1-069b0b38f19e,46277004438,Bernadett,Márton,A,Piliskereszti utca 186.,District Nulla,Érd,KN                                                ,1974-09-30,
939413d4-6c4c-43ee-941f-bc041250e15f,41738042404,Йосип,Ющенко,A,проспект Георгія Гамова, буд. 5,District Потім,селище Попасна,ZA                                                ,1969-12-18,
0a39ada7-43cb-4bf5-a3f5-262ebb10470c,86172872124,Давид,Дахно,A,сквер Восьмого березня 8-й, буд. 6 кв. 82,District Адже,місто Устилуг,OM                                                ,1972-01-27,
5fcb37f5-e8e8-4c0c-87e3-a39618b270de,82059740720,রুদ্র,দত্ত,A,বিল্ডিং নং ৮০, নতুন চিতলডাঙ্গা,District এটা,ঝিনাইদহ,PL                                                ,1985-09-21,
2e11ace2-08dc-4ab8-b864-23d0f701e81f,23534038041,Irene,Padilla,AB,Avenida Camerún 660 Edif. 552 , Depto. 601,District Datos,San Felix los bajos,QRO                                               ,1959-08-23,
61273049-5daa-4ac8-8859-d1bcf30d415c,17629932327,裕樹,鈴木,O,494 中村 Street,District ブレーキ,豊島区,BT                                                ,1973-05-12,
0a4e2d46-b517-45cf-be78-bbca1f4e4429,02337655343,Estela,Casanova,O,Calzada Nayarit 726 602,District Fue,Vieja México,ZAC                                               ,1953-10-21,
896d3587-5261-4708-a835-69bf49d24adf,66271481552,Dan,Olsen,O,Hermodsvej 380,District Nævne,Kastrup,Hovedstaden                                       ,1948-08-22,
baaf9150-3c67-4267-ba9d-47cddd8d1981,55609665200,Robert,Jenkins,A,0 Timothy Basin,District Consectetur,Harrisonview,TAS                                               ,1955-04-07,
471e3644-2802-4be7-a5a1-570ef6713321,18132676157,Алевтин,Сич,O,площа Острозька, буд. 288,District Наступати,селище Сокиряни,IE                                                ,1952-10-11,
44da9112-6a6a-43ce-a042-60700952f191,62820940536,Marine,Dias,B,40, boulevard Auguste Brunel,District Absence,BerthelotBourg,AZ                                                ,1995-08-17,
36ced433-7a58-4ee7-83d7-d89b8049025e,61180972254,András,Török,B,Békéscsabai utca 33.,District Nam,Haraszti,MA                                                ,1971-10-22,
5172cecc-0f80-4ee8-aac1-96876eb675d4,06377297635,মাধু,বাগচী,B,বিল্ডিং নং ২, মহেশচর এভিনিউ,District উনি,মাগুরা,KI                                                ,1999-02-07,
3a75ed44-4628-45f5-8a8f-b78a5f21dc61,27597989013,Fien,De Wachter,A,Annekelaan 242,District Branden,Sautour,SL                                                ,1965-07-22,
7401f6f6-5caf-4092-8d37-1cd10bad1719,91202222377,Robert,Stout,O,266 Robert Terrace,District Quasi,Popeville,WA                                                ,1960-11-17,
d6814450-98ea-494a-ab00-e83e73e0779c,49690904208,Calvin,Taylor,B,Apt. 574 201 Christopher State Highway,District Autem,South Robertfurt,VIC                                               ,1955-12-03,
a6b3a583-8c3d-4a5b-9b32-2947aa84eae6,85531552258,Болеслав,Деркач,A,шосе 14-та ст. Великого Фонтану пляж, буд. 03,District Гроші,місто Фастів,CL                                                ,2001-05-14,
172ac2c1-621a-49d9-8d55-99a002542053,13065995565,Владислав,Ажажа,O,сквер Офіцерський 2-й, буд. 68,District Бак,селище Монастириська,CI                                                ,1975-12-31,
c06af07e-4595-450c-a65b-eed2c34a5e0b,94311330445,Mette,Overgaard,O,Bellidavej 160,District Eksempel,Redsted,Nordjylland                                       ,1998-06-23,
03cd5def-a6b1-4a9c-99d7-769d288056e9,63007457177,József,Mészáros,AB,Felsőkereszti utca 66.,District Nulla,Érd,LU                                                ,1989-01-22,
8502a41d-72f2-44f9-a3c7-1fd0ef8016b1,79607052618,Веніямин,Баштан,A,шосе Рекордний, буд. 5 кв. 86,District Потрясти,місто Голубівка,MR                                                ,1997-10-25,
a1589d17-9a7c-4c5e-b06a-0827caa569ab,36835271537,Noëlla,De Smedt,O,Jenniferweg 07,District Tien,Ouffet,JP                                                ,1964-06-08,
092212ac-4a31-4c64-92f5-a3d616a42852,28247241058,裕美子,吉田,O,561 佐藤 Street,District 持つ,港区,ME                                                ,2002-05-31,
e875da94-6cba-42f7-b47e-1d714659f6c5,18091560412,幹,池田,AB,298 小林 Street,District 保持する,渋谷区,BJ                                                ,1956-11-07,
e6fab62f-4147-4f7d-8507-7a93618cfea8,28233897437,আব্বাস,বিশ্বাস,AB,বাসা নং ৮১১, বিজয়গঞ্জ,District কি,পটুয়াখালী,SL                                                ,1998-07-13,
7d6c5d94-f19c-40d5-b184-f0ec7b21180a,24472578518,আশুতোষ,প্রধান,A,বাড়ী নং ৪২, দক্ষিণ কেশবদিয়া,District একে,সাতক্ষীরা,PE                                                ,1976-09-01,
59694c35-ea35-4deb-b553-33da55cd4d15,32840172361,Joseph,Knapp,O,53 Alan Towers,District Labore,New Savannahstad,NSW                                               ,1974-12-22,
473cc1f5-fcca-4088-9af8-e35a4d5847a1,13424887894,Nayeli,Burgos,A,Retorno Colima 556 Edif. 202 , Depto. 221,District Cambios,Vieja Mozambique,DF                                                ,1988-12-13,
a7c2bd65-48de-4dad-9bf9-2e22af8a2d26,43446076075,Elisabeth,Schmidt,A,J.P.E. Hartmannsgade 81,District Stående,Stenlille,Syddanmark                                        ,2005-04-20,
134a260b-1453-4d41-9adc-4cca3898236d,04546867013,জয়দীপ,মৃধা,A,বিল্ডিং নং ৮৮, সোনাগাঁও সড়ক,District খোকা,ব্রাহ্মণবাড়িয়া,BA                                                ,1999-01-26,
fe6ca4c3-86bd-4dfc-a7af-b571da48e0b7,87759881667,Стефан,Василашко,AB,шосе Володимира Терещенка, буд. 6 кв. 299,District Приятель,хутір Голубівка,HR                                                ,1956-09-10,
c20ac60d-3e0e-4f57-b500-63be0d53f4ad,14045613177,Derrick,Brown,O,01 Davis Trail,District Culpa,Fordmouth,WA                                                ,1986-10-18,
2b5b5b97-acad-486a-96d4-5d993598ee0b,96503498599,Вадим,Аврамчук,A,набережна Велика Садова, буд. 0,District Картинка,місто Міусинськ,PT                                                ,1955-10-18,
04f0bc7b-92ca-455a-a561-1ab4d335f54b,43158349564,Ibrahim,Mertens,AB,Nathanhof 133,District Markeren,Stoumont,AT                                                ,1972-09-10,
68826576-e5c0-49fa-96c5-e1b9da89567d,73936587578,Villads,Larsen,AB,Amager Strandgade 27,District Overvinde,Engesvang,Midtjylland                                       ,1974-08-14,
d80802f3-78f5-43ef-8caf-0cc8f339a854,86238461386,Guillermo,Aguayo,O,Circunvalación Mongolia 103 Edif. 129 , Depto. 779,District Favor,San Sandra los altos,CHIS                                              ,2007-10-11,
2e1e6e5a-3708-4ee6-9af0-8e77286b4ef0,60993508377,Virginie,Blot,O,66, boulevard Patricia Guillou,District Vent,Devaux,PH                                                ,1955-11-04,
cb391c24-6c4e-43d5-a1ae-898848eb7a10,23592906277,Alexandria,Joseph,O,27, boulevard Rousseau,District Chef,Sainte Laetitiadan,CO                                                ,1965-02-15,
1d2ef9c5-cbdd-4c1f-adf6-65c874b34e71,97811096343,James,Jones,AB,Level 6 8 Sanders Place,District Illo,South Paulchester,TAS                                               ,2007-06-02,
889de4c7-17b3-4081-b05c-8700f9552e5f,58562571276,William,Lemonnier,O,7, rue de Moulin,District Loin,Saint Noémi,MK                                                ,1989-01-11,
fe1fd993-bd58-4529-96d6-24240dd43d2d,27887926032,জয়দীপ,বোস,AB,হোল্ডিং নং ৩, মধ্য রানীগাঁও,District ঠ্যাং,খুলনা,AT                                                ,1955-12-15,
18aa6de7-a8b8-4d4b-9c4b-1f846470a5fd,93749246295,里佳,高橋,AB,110 三浦 Street,District 探査,西多摩郡日の出町,BT                                                ,2005-08-23,
e36d2e83-6e6b-4966-9c8f-9bce42f9ff14,92598241553,প্রান্ত,ঘোষ,AB,বিল্ডিং নং ৯০১, পূর্ব মোড়লচর সড়ক,District আয়ুর্বেদ,নওগাঁ,BS                                                ,1965-08-14,
4c8bebda-aacc-44cf-9c85-4c190fc4ae13,47005697653,Wilfried,Op de Beeck,AB,Kobehof 51,District Melk,Achet,GB                                                ,1978-08-11,
d964efe2-876a-4d74-ac0c-9d6bbde72dad,64781477266,Dirk,Smets,A,Patricksingel 555,District Gebruikelijk,Bellecourt,DK                                                ,2002-09-30,
cf28ca4d-dc7f-45d4-be6f-c7e96d9e9dd4,76269715038,Sean,Kemp,O,4 Bishop Expressway,District Aut,Isaiahshire,ACT                                               ,1991-05-12,
1baccb7b-48f6-42e8-89cb-8acbf8b3ab2b,63566466886,Tara,Martinez,A,438/78 Diane Run,District Nihil,Troyshire,SA                                                ,2001-08-29,
52fa4554-c478-4bc9-87f5-9d7c0747cd94,05503217471,আশুতোষ,দে,B,অ্যাপার্টমেন্ট ৭৮, বাড়ী নং ৪০, মোল্লামোড়,District ব্যাংক,নেত্রকোণা,ET                                                ,1958-06-11,
747b48de-d683-4714-8b3f-8c444df37e8e,94078484930,陽子,近藤,A,580 伊藤 Street,District 知覚,武蔵野市,US                                                ,1991-03-05,
73a0ccc3-a61c-44d2-8ca2-9a923d0d725b,59359786934,Rosa,Eriksen,AB,Sankt Jørgensvej 3,District Virkelig,Gørding,Sjælland                                          ,1951-06-08,
586fc4c5-0786-4b58-86f7-92258b7d8b56,00151243326,Jaqueline,Fajardo,AB,Callejón Irlanda 116 Interior 174,District Nuevas,Vieja Canadá,SON                                               ,1983-08-15,
3fcd422b-ab5f-4591-b7d9-47d8176de5da,52448933714,Joseph,Mcmillan,O,Unit 25 49 Michael Landing,District Molestiae,Murphyside,SA                                                ,1963-10-18,
2a0a3829-5a90-4961-a858-c0576cc8b5f0,60335123475,Jean,Mikkelsen,B,Sognefjordsvej 2,District Kamp,Hanstholm,Hovedstaden                                       ,1951-09-26,
1f9ee42f-4caf-4448-a611-0c09cd0003b2,02229336827,Станіслав,Алексійчук,AB,узвіз Умова, буд. 29,District Доба,село Боково-Хрустальне,FM                                                ,1988-02-21,
b0f1ff5e-a2f9-4366-bc7d-67e5f6e89d8e,61803554604,Agathe,Bertin,A,10, chemin de Jourdan,District Rêve,Gomez,KG                                                ,1967-06-19,
9879a9f2-3e55-474a-8509-d9f8917b848b,44766676764,Celia,Ramos,O,Eje vial Uribe 952 347,District Gracias,Vieja Australia,PUE                                               ,1987-07-19,
a42f4e6b-69d1-4d16-81e3-d95edb82e2d8,50280204687,Орест,Приймак,A,набережна Балтиморська, буд. 444,District Рот,селище Чигирин,TG                                                ,1976-06-13,
3a9fbd93-84b8-43c5-8035-dd64b926d153,94588616231,Irma,Andreasen,A,Bandholmstræde 57,District Begrænset,Hagersten,Nordjylland                                       ,1960-06-26,
7389221f-270b-4ff9-802b-33bcab539f53,46396996570,Henri,De Vos,AB,Elinedreef 32,District Klaar,Sint-Agatha-Berchem,TW                                                ,1959-12-19,
a2d7bd6d-2dcf-4e3f-bf27-a0d9b05d2b9b,07227982910,Dalia,Chávez,O,Ampliación Norte Abrego 239 Interior 314,District Presenta,Nueva Jamaica,QRO                                               ,1954-03-14,
15044503-1026-453d-865f-bcd6f4cf9384,17138929332,Éva,Szabó,B,Szabadság út 23.,District Expedita,Szeged,KH                                                ,2002-11-28,
30530cf2-ed99-4af3-a001-64d69c59e8c9,82214076102,Claire,Marion,B,9, rue de Meyer,District Un,Imbert-les-Bains,JO                                                ,2002-06-03,
91ca65e7-a576-48cf-ac6e-e30fac40fde6,42611356683,太郎,林,A,304 佐々木 Street,District 差別する,夷隅郡御宿町,SY                                                ,1946-09-11,
01eab1b3-a0af-44d9-b268-158384e19348,84318336661,英樹,高橋,B,758 高橋 Street,District 呼ぶ,浦安市,PH                                                ,1956-05-23,
6157695e-5d1f-4dee-a449-2d95842aa938,66996322178,Christelle,Chevallier,O,367, rue Gilles Guichard,District Assurer,Camusnec,LI                                                ,1969-11-23,
0fe6ce53-dade-4e87-8aa5-c393ac754359,06034931913,József,Nagy,A,Kunmelléki utca 180.,District Illum,Mosonmagyaróvár,VA                                                ,1968-04-19,
3bd60ab7-a7e6-4630-ae4b-36240611a9db,97246683854,Rocío,Bernal,A,Callejón Tabasco 957 Edif. 755 , Depto. 661,District Falta,San Omar los altos,PUE                                               ,1963-01-07,
164c0e9d-77b7-4993-8c0b-89c2613d12ba,56459971086,Ana,Collado,A,Circunvalación Tabasco 147 Edif. 465 , Depto. 138,District Curso,Nueva Mozambique,Q. ROO                                            ,1959-08-08,
7d022b89-bc66-4967-a462-a8b7ee47f55d,11374160629,Mónika,Szalai,B,Salgótarjáni utca 169.,District Dicta,Székfalva,GA                                                ,1958-03-20,
55f39e97-5b2f-4bf6-bdf1-7250a662a17b,17404340551,香織,高橋,AB,523 中川 Street,District スマッシュ,川崎市幸区,KZ                                                ,2006-09-26,
9eda6745-4a82-42b4-84d0-f38ce9b3a525,62352137987,Araceli,Garibay,A,Circunvalación Jordania 268 943,District Amor,Nueva Venezuela,TLAX                                              ,2000-09-08,
33593501-718d-4a92-bba3-07086bc0f8a0,36423359808,René,Delahaye,O,rue Picard,District Reculer,Saint Philippine-sur-Mer,DJ                                                ,1981-09-02,
003e0c61-16d1-4c1b-9ce3-a8793af62c51,68614834662,Альберт,Височан,O,площа Лиманчик 2-й Лінія 9-та, буд. 427 кв. 397,District Заробити,місто Радехів,KP                                                ,1960-01-13,
3f683723-cd1a-4879-be1a-509b34f21eca,39478609593,和也,鈴木,B,062 森 Street,District サラダ,三鷹市,ME                                                ,2002-01-25,
3d48a020-c150-4775-83d0-6ebc3333099d,24625768230,Joseph,Vasseur,A,6, boulevard Didier,District Taire,Saint Aimée-les-Bains,MW                                                ,1973-09-17,
96b9d320-b5fb-48a6-bbc8-29b064a52def,35984873473,Estefanía,Gaitán,AB,Periférico Federación de Rusia 076 759,District Sigue,San Rosalia los bajos,BCS                                               ,1990-01-18,
7a888db4-b57d-430f-96bb-314f0a45a67b,92557983168,অনন্যা,কাদের,B,বাড়ী নং ৩৮৪, বিজয়স্টেশন,District চাল,বান্দরবান,ET                                                ,1973-03-07,
107ba035-044b-4fc5-95df-c562a065edc8,74659398485,Lilia,Jasso,AB,Pasaje Aguascalientes 507 770,District Pacientes,San Rodrigo los altos,Q. ROO                                            ,2002-03-15,
51a84242-2ef0-4e33-8245-a1fe2ee4abc1,64223238332,Леон,Запорожець,O,набережна Кордонна, буд. 81,District Міф,хутір Прилуки,DZ                                                ,1952-10-31,
4487a9ca-e6ad-47b6-a253-02699dd97a5f,65200873985,Katcha,Jespersen,O,Valby Maskinfabriksvej 56,District Anerkende,Ruds Vedby,Nordjylland                                       ,1977-09-20,
484c4782-07d0-45ac-8f68-9cff50297951,55067637916,Darrell,Johnson,B,Unit 10 5 Garner Drive,District Autem,North Louis,QLD                                               ,1952-09-04,
0de31470-5188-47bf-b341-e90380bc69ad,93764298478,Julianna,Papp,B,Arany jános tér 180.,District Aliquam,Nyékhídberény,VN                                                ,1981-03-30,
5467359a-7689-4237-bdf6-319c27d075e8,90247211417,Lisa,Shaw,A,236/29 Lauren Break,District Illo,North Valerie,NSW                                               ,1970-08-29,
7bc03038-94d0-4dbb-9120-dadcc82cb58c,11848188760,Charles,Costa,B,86 Scott Square,District Repellat,Pachecobury,WA                                                ,1975-08-15,
09003c83-3779-4afd-be63-f1e382b8d895,61480878287,আরিয়া,চ্যাটার্জি,B,বাড়ী নং ৩, হাকিমস্ট্যান্ড,District সাল,পিরোজপুর,US                                                ,1980-10-04,
867bf9b1-5854-4e52-8268-40ce87def820,09319158404,Anna,Daniels,O,Raymondlaan 962,District Waar,Wibrin,BI                                                ,1947-03-26,
bfe73e01-2576-4240-9dfe-45ce7b30d230,36430614221,মুনতাকিম,আবদুল্লাহ,O,বাড়ী নং ১৬৩, ইসলামগাঁও সেন্টার,District ধুতি,নীলফামারী,NZ                                                ,1998-05-19,
76b87228-1082-4941-a751-308e5ceee0a6,24318278692,Mila,Coenen,O,Georgesbaan 2,District Middel,Hotton,GR                                                ,1961-12-05,
76c01568-c1e6-4054-9e27-72f068a0b1a3,87288049234,Armando,Mesa,B,Calle Rumania 878 Edif. 317 , Depto. 374,District Última,San Aurelio los altos,OAX                                               ,1949-12-30,
017a99e4-192b-47b6-ad73-7a2052c356f9,52941525292,Diego,Gaona,AB,Eje vial Bonilla 252 Interior 175,District Juego,Vieja Congo,BC                                                ,1989-07-10,
dc68c229-9141-4af1-89df-60fc1f6de75c,60993731346,Rafaél,Menchaca,B,Cerrada Coahuila de Zaragoza 491 465,District Lleva,Nueva Antigua y Barbuda,BC                                                ,1976-04-23,
7731c2cc-6d5b-4188-9823-6080fd18c663,94028711286,Linda,Esquibel,O,Diagonal Sur Jasso 809 Edif. 801 , Depto. 453,District Hacen,Vieja Granada,BC                                                ,1974-03-04,
e3720d44-5750-41e2-9c30-c216226e5b43,06528450756,Hugues,Raynaud,B,46, rue Ruiz,District Mouvement,Loiseau,QA                                                ,1978-01-10,
f90de8a4-7a67-4418-b0c5-e326b18cde23,39598056807,Juana,Ferrer,B,Andador Baja California 716 Interior 941,District Siguiente,San Daniela de la Montaña,BC                                                ,1991-06-06,
750a3fa3-ece9-47c4-a7dd-d3dcd96d65c0,79118029999,Kenn,Gregersen,B,Mimersvej 160,District Høre,Balle,Sjælland                                          ,1954-02-18,
85842fa5-6ba0-4c6b-bbae-a8387f47da72,64691754557,Tammy,Frandsen,AB,Birkagergade 1,District Passager,Nordborg,Syddanmark                                        ,2004-02-05,
c2f2c217-4417-480c-85bd-77b85547bfd3,81328123458,শাহাবাজ,সিং,AB,ফ্ল্যাট ৩৪, হোল্ডিং নং ৮, দাউদগাঁও,District কাগজ,মেহেরপুর,CG                                                ,1956-03-26,
12ccd86d-b78a-4421-8653-f9ff98d35a9f,09981406925,বাকের,শুক্লা,AB,বাড়ী নং ২, করিমদিয়া এভিনিউ,District ছোট্ট,ফরিদপুর,SA                                                ,2004-06-25,
cdac2fc8-ce74-4343-8ef8-f137cf14e3e9,44840854635,Áron,Takács,A,Szombathelyi utca 24.,District Mollitia,Hajdútamásivár,UY                                                ,1959-02-13,
b8422287-d76d-418c-80e6-65c968a8b03f,96651452976,Rosa,Serna,B,Peatonal Norte Munguía 735 Interior 588,District Negro,San Luis Manuel los altos,MICH                                              ,1950-04-23,
82e10861-8b82-4f4b-9d71-b920a805b885,09473314262,舞,前田,O,098 中村 Street,District コミュニケーション,青梅市,GE                                                ,1983-03-21,
39087a50-6f33-4158-8009-e8036782a3fc,34317622897,বিনয়,দাশগুপ্তা,O,বাসা নং ৩, দক্ষিণ বালিয়াবাজার,District তিনি,ফেনী,VC                                                ,1967-10-20,
aa83e866-910f-45a7-998b-a58a6ff3fefb,40478638750,Sille,Simonsen,A,Trelleborgvej 29,District Hundrede,Hørve,Sjælland                                          ,1971-11-10,
32470ce3-2844-4650-a0e9-93928b67ee6a,11888111697,Lucas,Roybal,A,Peatonal Sur Miranda 101 441,District Relaciones,San Roberto los altos,DGO                                               ,1990-05-27,
fdf858e5-a1fe-40ce-89e7-58d90e344a62,75952492042,David,Rodriguez,AB,55/95 Christopher Loop,District Cum,North Jessica,NSW                                               ,1957-05-14,
19585b1a-45e7-4dc6-a340-0efa5c7a850a,85537534006,晃,高橋,AB,102 佐藤 Street,District 溝,千代田区,MD                                                ,1982-08-26,
93d94898-fdc8-454e-ae6b-a115d2ad68bd,04632343637,María del Carmen,Mora,AB,Corredor Norte Mares 320 Interior 605,District Sector,San Rufino los bajos,AGS                                               ,1978-12-24,
04c207d1-d3c3-43ad-8531-05810789a74c,41328091774,ইউসুফ,আচার্য্য,A,ফ্ল্যাট ১, বাসা নং ৯৫৮, পূর্ব সিরাজপুর ঘাট,District হিন্দু,বরগুনা,IT                                                ,1994-10-01,
5b135369-d8ad-497f-b183-54bba4e292fb,43354432054,Nicolás,Arenas,O,Circunvalación Zacatecas 863 Edif. 385 , Depto. 778,District I,Vieja Montenegro,BCS                                               ,1952-02-26,
a594425e-1616-431d-b208-ccdb8c2767db,02091675407,Antoinette,Pichon,B,79, avenue François Baron,District Dire,Sainte Arnaudedan,DK                                                ,1963-11-23,
087af447-bb56-41a2-9471-e70ccc5b8956,81314306604,Celia,Vélez,B,Diagonal Arriaga 855 Interior 641,District Deben,Nueva Comoras,SON                                               ,1976-05-10,
ec5249db-bcaa-4832-80eb-8004b9d2316d,93413532202,Lilia,Rojas,A,Boulevard Irán 596 Interior 759,District Sociedad,Nueva Noruega,SIN                                               ,1988-06-02,
b9409b96-ee9f-4b1d-97a6-5bf836badd19,43571669155,Mihály,Varga,B,Tóthalasi tér 192.,District Animi,Hódmezővásárhely,CY                                                ,1991-11-27,
c8824ffe-9dcb-46c5-861f-c6215eea07aa,95462752375,Mateo,del Valle,B,Diagonal González 637 Edif. 411 , Depto. 015,District Tres,Vieja Fiji,TAB                                               ,1951-05-07,
03bb6e2b-a5fe-4fbd-a900-ccadf379ab39,29254168764,Ilona,Molnár,B,Szombathelyi utca 239.,District Commodi,Borsodhátnémeti,SD                                                ,1984-04-24,
f3b68816-1698-4f07-beb6-758ae94523ba,79240139262,Gizella,Nagy,AB,Fürdőberényi utca 122.,District Esse,Veszprém,PA                                                ,1979-02-25,
7c58deca-49bf-4acb-bcab-a1b58c96b5de,32617179277,Eugène,Ferreira,O,chemin de Carre,District Rare,Saint Susan,TR                                                ,1956-07-20,
8461dbfa-c735-4366-94f2-1198fc55bc12,98639796567,Святослав,Акименко,B,набережна Рівності 2-й, буд. 97,District Кпсс,село Кременчук,VE                                                ,2007-01-14,
afc29256-bcf0-4915-bdfd-695cc2c3bfbb,26820100927,Hilda,Noriega,A,Circunvalación Sur del Río 384 Edif. 548 , Depto. 389,District Pesar,Vieja Burundi,MOR                                               ,1999-02-10,
5cc37676-1490-44a2-b027-87305a53a675,44318964051,Raquel,Navarrete,O,Boulevard Sur Marrero 987 Interior 926,District Futuro,San Sonia los bajos,TAMPS                                             ,1955-12-27,
63190c47-1e30-4f14-896a-3d710f5e81ca,53457340998,Mária,László,A,Mosonmagyaróvári utca 152.,District Officiis,Nyékhídbánya,GD                                                ,2005-01-13,
d650c008-6a29-4237-9cab-9bdfcba54fa0,86761604218,Tania,Op de Beeck,A,Dominiqueboulevard 908,District Breken,Orcq,UZ                                                ,1972-02-09,
42f061ad-9af6-4d6f-a3d2-3997997a8b92,41403622447,Samuel,Simoens,O,Patrickdreef 747,District Dienen,Zellik,MH                                                ,2004-04-01,
03b36222-4bff-4125-aba0-115ab1bd5476,66436033940,লিটন,বিশ্বাস,AB,হোল্ডিং নং ৫, উত্তর ফকিরমোড়,District স্বামী,রংপুর,SM                                                ,1998-11-22,
006dcf9f-93cc-4554-b3c0-c7e44ebe40b3,85506894819,Frida,Soria,O,Ampliación Bahrein 918 156,District Algo,San Silvano de la Montaña,VER                                               ,1975-10-28,
f1ace04d-fffc-428e-af56-43339499c3f2,59996763168,Cody,Guerrero,AB,Apt. 294 33 Howard Formation,District Dolores,Patrickborough,WA                                                ,1998-10-16,
2392bd96-e2b6-4166-a552-fcb10236db03,80317121930,Liliana,Carranza,A,Continuación Norte Castañeda 111 Edif. 760 , Depto. 769,District Lado,Vieja República Árabe Siria,NAY                                               ,1952-07-05,
91ee6497-3f99-4066-99f2-55868dfc9452,55624337918,Scott,Wood,B,Apt. 659 26 May Front,District Dolore,North Williamshire,TAS                                               ,2000-10-22,
50db1ba4-7b41-4ccc-9a57-a4e453b6570f,73287256865,Vera,Olsen,O,Tersløsevej 1,District Øge,Henne,Hovedstaden                                       ,1968-05-26,
6514a3ad-147e-4330-9552-8284676a6002,37815848363,Nicole,Mees,B,Sofiesingel 8,District Tante,Wiesme,PT                                                ,1987-03-02,
3ed244e0-f766-4396-89eb-8d15ceb09243,14427805695,Sonja,Vercauteren,AB,Franspad 82,District Geluid,Ardooie,KM                                                ,2002-11-27,
4ea0f4b1-6b1a-4169-b54d-b69dcc4f88a6,71628295589,Alain,Verhaeghe,B,Josephinering 4,District Lach,Rumillies,ME                                                ,1986-01-19,
1a773760-ff76-41dd-b78d-2043c8125bac,60943140015,Judith,Prado,A,Circunvalación Sur Esquivel 747 Interior 205,District Momentos,San Irma los bajos,PUE                                               ,1996-08-08,
86b0f8fb-c510-4dee-99ba-b639c1ace525,23694470913,Honoré,Louis,B,485, rue Maillard,District Haine,Lecontedan,CU                                                ,1982-06-12,
e0cfb9c8-0bd2-47b8-b7d8-78274a71f319,46938018431,Vagn,Koch,O,Lybækgade 91,District Kunde,Bælum,Sjælland                                          ,1958-02-09,
3400664b-bdd0-4681-a5bd-906e6c1bfb35,69209733259,Ада,Бевзенко,A,площа Зелена гірка, буд. 39 кв. 975,District Провінція,місто Волноваха,CN                                                ,1979-03-20,
155b1575-e3a2-4233-a9b7-96473cd34f7a,85101423268,Celia,Duarte,A,Privada Azerbaiyán 453 219,District Radio,Nueva Palau,SLP                                               ,1972-08-20,
9d00421f-0525-4eb6-8751-134d596dd172,88083908871,মেহজাবিন,উদ্দিন,O,বিল্ডিং নং ৮৫, সোনাগঞ্জ ঘাট,District সেটা,মেহেরপুর,TT                                                ,1961-08-08,
beb805f6-4ac6-4123-b83d-898583f8689f,47492810268,Michèle,Blot,O,32, rue Aubert,District Sens,Labbé,MH                                                ,1986-12-03,
937f9bad-df11-46b4-9397-21bb320c1245,52839071939,Océane,Hamon,O,4, boulevard Thibault,District Admettre,Laroche,DM                                                ,1953-06-13,
b00d8daf-7208-40f2-8373-06b182142b31,28901386816,Heather,Herrera,AB,142/704 Wilson Boulevard,District Velit,Priceview,TAS                                               ,1999-08-04,
d2ce90de-4fe2-43c7-8789-c7dfa9c146c1,60827687925,Amélie,Brun,O,995, boulevard Maggie Descamps,District Militaire,Gilles-sur-Dupuis,TL                                                ,1952-08-12,
f4a49b83-5e88-4301-8a4a-0abd4c53a53e,25035949766,August,Dahl,AB,Havregade 110,District Igangværende,Store Merløse,Hovedstaden                                       ,1956-10-17,
73a45d6a-a63a-40db-a964-d6e187fe80e0,50671303848,Eugenio,Menchaca,A,Ampliación Norte Centeno 101 Interior 859,District Esos,San David los altos,YUC                                               ,1952-09-25,
f0aac04e-2bdb-4d9a-aaee-58fdb2efd9e4,09672806267,Ragnhild,Krogh,O,Krogagervej 216,District Smag,Tranbjerg J,Syddanmark                                        ,1987-04-29,
1ab1128a-f245-4b08-8ecf-b5faa5bed9fb,68965869707,零,太田,O,995 松本 Street,District 建築,あきる野市,BN                                                ,2007-02-14,
fcfdf84a-e876-4049-a36f-f8e1101d1a52,97507257999,Edith,Bach,O,Masteskursgade 1,District Bind,Blåvand,Hovedstaden                                       ,1993-06-25,
b678b39c-a1b9-4fda-a28a-ea51f8c28127,34770856323,Jonna,Lind,AB,Vejlevej 9,District Vindue,Ryomgård,Nordjylland                                       ,1986-02-04,
86f55f6f-24c4-41dd-a290-432a9643dcab,81381481328,香織,藤田,AB,814 加藤 Street,District 虐待,横浜市中区,DZ                                                ,1994-09-09,
59302d61-5d13-46a8-8f7e-4e17f4995a6c,41219612204,Aida,Montaño,AB,Circuito Peralta 560 Interior 798,District Siquiera,San Humberto los bajos,MOR                                               ,1979-01-03,
2f6183e7-f989-4a09-b442-638b83a274e4,75628988670,Dániel,Farkas,B,Béke út 117.,District Cum,Alsókőrös,HN                                                ,1957-09-23,
525ed134-abcc-4286-b103-f883e4ae89bc,26101390831,Rosa,Delgadillo,A,Peatonal Polonia 676 980,District Tribunal,Nueva Senegal,SIN                                               ,1959-08-18,
66f06cd9-a36c-44f0-b319-2fe954af9175,17819687465,Frank,Gielen,O,Yasminadreef 682,District Voor,Zwijnaarde,SE                                                ,1950-02-01,
59541c75-4a9d-4d52-a6b7-96acce8d5339,33667772725,Ярина,Іщенко,A,сквер Поїзна, буд. 29 кв. 20,District Увійти,хутір Глобине,TL                                                ,1974-06-21,
1e323760-9830-4d3a-a98a-2ebdce930ce5,97828705625,Aurore,Pelletier,O,65, rue Alexandrie Arnaud,District Position,Maury-sur-Mer,TG                                                ,1964-12-31,
ce38a9a3-ae73-4e71-9e6e-ca27505a57a1,11926673376,József,Tóth,AB,Somogyszéki utca 36.,District Magni,Borsodtamásivára,VE                                                ,1946-09-06,
5cb40dac-dcad-4d39-a73e-16dc7503450a,15989193263,Julio,Roldán,A,Peatonal Michoacán de Ocampo 297 851,District S,San Irene los bajos,QRO                                               ,2000-11-22,
257a798e-369f-4d6e-8e20-14967fb8f669,22063647726,零,鈴木,A,876 近藤 Street,District 欠乏,山武郡九十九里町,BA                                                ,1948-02-15,
a936f261-c155-47a3-a627-bf134dbbafad,11184241029,学,林,B,681 松田 Street,District 移動,長生郡長柄町,NA                                                ,1958-10-17,
05ad90cd-4672-48ab-b6dd-0347bab12eba,91170536559,Cornelio,Naranjo,O,Andador Tabasco 489 Interior 030,District Luis,San Jorge los altos,TLAX                                              ,1948-08-11,
76bce24b-3e4e-4156-973c-2adf1319fd8e,81910965673,治,高橋,B,441 高橋 Street,District 隠す,稲城市,DK                                                ,1950-07-22,
7b8b738c-f1b3-4a44-8517-308cea566ae8,65922772340,充,伊藤,O,311 松本 Street,District 必要,東大和市,LI                                                ,1984-12-18,
b9f338bd-89b2-4b04-b579-223a5b814431,17136878651,Pauline,Sanchez,A,rue Lévêque,District Notre,Humbert-la-Forêt,KI                                                ,2002-08-07,
e61f7220-0b32-4b75-82c1-56709810a8e5,54237501085,Robert,Fox,O,325/676 Jacqueline Dale,District Numquam,Farleymouth,SA                                                ,1974-08-21,
01050645-4227-438b-a470-75b77b04d1f2,84514594112,Laust,Møller,A,Sankelmarksgade 6,District Klinik,Rømø,Nordjylland                                       ,1948-05-02,
2b2f7005-7b7e-4fc3-bd3d-845c6dc6052f,41951774668,Attila,Szabó,O,Soproni utca 226.,District Error,Tótapáti,BA                                                ,1996-08-03,
4728f32d-4861-44f5-91d7-f5e016295c4f,74914292520,充,田中,B,027 井上 Street,District パーセント,三鷹市,SN                                                ,1949-01-30,
e0cbbae8-a176-4436-b5a2-3ae0bb2fe370,20119662646,আশালতা,কুমার,A,ষ্টুডিও ৮, বাসা নং ৯৭০, উত্তর বটিয়ামহাসড়ক,District সাইকেল,ময়মনসিংহ,VU                                                ,1970-04-16,
2197014a-4901-4598-82b0-92c8e22d4aca,24800379834,Juan Carlos,Miranda,B,Callejón Zacatecas 001 162,District Dijo,Vieja Malta,NL                                                ,2006-09-02,
055994eb-f2fb-4a16-b04f-fd2d94f78172,56113051599,Noemí,Razo,AB,Peatonal Andorra 197 Interior 992,District Menor,Nueva Uzbekistán,JAL                                               ,1967-12-20,
c9cb1fa6-7f75-431a-8de7-f01688b99b9f,19290861193,Leif,Jørgensen,B,Strindbergsgade 65,District Kraft,Brenderup,Hovedstaden                                       ,1955-09-02,
a9f10d2a-992f-44ca-8d39-c243b5a76165,62376512355,Lori,Sims,O,457 Jeanette Colonnade,District Perferendis,East Ronald,NSW                                               ,1965-11-25,
249e331f-b107-42db-9ed6-c16dc53e4aa9,05340324786,রাসেল,ঘোষ,B,ফ্ল্যাট ৯৯, বাড়ী নং ৬, চৌদ্দপুর,District লক্ষ্মণ,বগুড়া,PY                                                ,1961-09-28,
f49c911a-4001-4774-b5fc-4a0080a26417,51400538448,幹,佐藤,AB,894 小林 Street,District 彼,府中市,VA                                                ,1977-10-04,
7d1aa84f-9b72-4adb-8e11-3330e4255e60,60996118811,Lindsey,Peeters,O,Kevindreef 0,District Verzameling,Waterloo,NG                                                ,2007-06-04,
76fecf55-29da-454a-97af-4b35cb93c4bc,93112523617,Magdolna,Papp,AB,Györgydevecseri utca 130.,District Harum,Szigetszentmiklós,HT                                                ,1998-01-25,
f05af791-7319-463d-a607-5f5c250d388d,21547016965,Teresa,Johnston,B,Flat 34 552 Christine Driveway,District Architecto,New Anthony,NT                                                ,1981-10-22,
34d57929-3a1d-439e-8a6a-68909790f0de,09167148354,Enrique,Arellano,B,Retorno Norte Avilés 732 Interior 174,District Suficiente,Nueva Gabón,COL                                               ,1980-09-26,
3f56da5d-b083-4e9c-a32c-0885ed38f7e3,09691645473,Hajnalka,Szabó,A,Györgyapátii út 38.,District Vel,Szigetszentmiklós,PE                                                ,1998-09-07,
768b6069-60ef-4954-b81f-030d5ffab2a2,78051014698,রিনা,মন্ডল,B,ষ্টুডিও ২, হোল্ডিং নং ৯৬, নতুন মুরাদতলা কর্নার,District বাতাস,ঠাকুরগাঁও,OM                                                ,2004-07-06,
78200c46-a561-4cda-8f2c-c2c437c10468,18629745088,学,伊藤,A,392 渡辺 Street,District シュガー,昭島市,UA                                                ,1963-09-01,
a8348e04-aa1d-42e9-9e00-bb1ce2a3def3,39342124491,Гаврило,Павличенко,O,набережна Агрономічна, буд. 8 кв. 00,District Почуття,хутір Конотоп,GE                                                ,1983-04-21,
326fc99d-c628-4891-90c8-276180aed0a8,35715717426,Kristien,Verbiest,B,Simonlaan 3,District Deze,Obigies,MZ                                                ,1948-06-15,
89d43af9-7e49-42df-9406-28d0cc060567,38926138682,修平,福田,AB,401 佐々木 Street,District ブランチ,長生郡長生村,MT                                                ,1951-12-16,
3b313ae3-533e-4733-967a-b4ecee92d0cf,00300490160,知実,鈴木,O,166 三浦 Street,District コミュニケーション,横浜市神奈川区,IL                                                ,1948-10-15,
53026f3d-bbc8-4758-91a9-58663102f71f,71455339356,Troels,Carlsen,A,Carstensvej 995,District Administration,Rønde,Syddanmark                                        ,1965-12-23,
70522b7b-a0ea-464a-bff9-313967c437be,46281722734,Amy,Deckers,A,Maxdreef 71,District Kap,Bekkevoort,TL                                                ,1957-05-18,
c96e374e-970e-454f-85ad-462868a7fd03,33632272582,তনয়,তাবাসসুম,B,অ্যাপার্টমেন্ট ৮৯, বাসা নং ২৩৮, মিরডাঙ্গা,District আরাম,ব্রাহ্মণবাড়িয়া,KP                                                ,2003-04-10,
37c31867-0d15-4881-9206-30ad24a899cb,34275687105,Dean,D'hondt,AB,Mariepad 72,District Aap,Borlo,FI                                                ,2007-03-23,
56b49536-92c7-4455-833b-73817a2e7499,32140122631,Gizella,Kocsis,B,Nyíregyházai utca 123.,District Atque,Ligetfa,LI                                                ,1999-06-05,
0b067861-82ee-40e5-9bee-d01b51ebd5b3,29916310975,Åge,Jakobsen,B,Sturlasvej 172,District Underskud,Thyholm,Hovedstaden                                       ,1983-03-30,
2847f1ce-861c-4d1a-945f-299fe6190671,28192159154,Erik,Perry,A,155/849 Jeffrey Corso,District Optio,New Jessica,NT                                                ,1951-03-13,
aa132600-1482-43e9-9713-e30e226eb9dc,05306745437,Caridad,Guardado,AB,Diagonal Rumania 467 Interior 949,District Había,San Catalina los bajos,AGS                                               ,1962-10-30,
fa34840d-8dea-425e-9c49-a6b189203c70,98967606952,Erling,Andersen,B,Storegårds Allé 143,District År,Ranum,Hovedstaden                                       ,1994-11-12,
abee8db9-bb5a-49a7-8fcc-c183815f5f51,60579201043,Jonás,Zaragoza,B,Calzada Báez 590 Interior 730,District Cuenta,San Magdalena los altos,NL                                                ,1954-11-28,
cfd010af-bcce-4052-83a6-a9ac5a4ba53a,13336198914,Crystal,Jackson,O,Suite 594 81 Stephen Riverway,District Mollitia,East Madisonburgh,WA                                                ,1976-01-19,
b3d57b8e-1c1e-48db-ace8-796924cbbe06,21390962742,Gustavo,Rosales,B,Circunvalación Chihuahua 029 827,District Cuadro,San Silvia los bajos,QRO                                               ,1996-03-15,
785ad902-0c3a-4219-84f5-8fe415fe9c69,06738616796,Luc,Claessens,B,Didierboulevard 20,District Lijken,Ouwegem,DK                                                ,1991-08-08,
1aab055e-32ab-400b-a5ac-b764dcb5faa9,82658479202,Asunción,Zepeda,AB,Peatonal Sur Ortiz 295 819,District Sol,Vieja Gabón,SIN                                               ,1980-05-13,
72beb062-7399-487e-9587-f83efa2b3ee8,48240903800,Carlo,Deprez,B,Kevinlaan 48,District Muziek,Hastière,MA                                                ,1969-06-06,
c9af3328-da07-43e8-8012-a6aab79e57e1,68191995676,Luis Manuel,Rubio,A,Peatonal Norte Guardado 332 962,District Políticas,Vieja Rwanda,JAL                                               ,1956-01-17,
986a3972-f3a4-46fd-8a46-89ba3229610b,50075827077,Anthony,Hall,A,34 Jacob Freeway,District Delectus,New Cynthia,WA                                                ,1968-11-01,
50512a0b-9357-4204-9568-ee31b76d6938,18412478858,Zoltán,Tóth,A,Orosztapolcai út 108.,District Nulla,Szolnok,HR                                                ,1960-02-10,
770f9967-658e-44f4-bf84-d87eac050ce8,88348393493,Luisa,Zapata,A,Calzada Jalisco 796 Interior 302,District Riesgo,San Alejandro de la Montaña,HGO                                               ,1954-04-06,
28d5509e-abe1-4a6f-a9b3-0153ae67a306,71312124869,Thibault,Reynaud,O,98, avenue Rodriguez,District Puisque,Martinez,SR                                                ,1990-12-06,
d51c95e7-efbd-4d39-908e-376bb8b69e44,49801729238,Grégoire,Cousin,A,90, avenue de Lambert,District Battre,Saint Richardnec,LR                                                ,1959-06-10,
36b41594-6047-4bc4-af97-57999c7514b1,53097237526,Carina,Svendsen,AB,Cumberlandsgade 9,District Ungdom,Hornsyld,Sjælland                                          ,1949-05-26,
5a1c8e30-a8c8-455d-a337-790bc5e2ac69,57497914497,Gergely,Lukács,A,József attila utca 126.,District Id,Nyékkeresztkőrös,CI                                                ,1957-04-28,
4edeaf66-091d-4fec-bcf9-3369094173fb,37334765550,Nicole,Reed,AB,540 Gaines Dip,District Voluptatum,Barbarahaven,ACT                                               ,1994-05-07,
98452056-f64e-40c6-9ccf-891490b1d43a,34872697541,Aurora,Villaseñor,O,Boulevard Sur Márquez 206 Interior 552,District Especialmente,Nueva España,MOR                                               ,1963-11-02,
6307b7c8-4ba6-4391-aeaf-49c60f332345,70516758610,Itzel,Rolón,O,Retorno Sinaloa 228 885,District El,San Socorro de la Montaña,ZAC                                               ,1946-09-19,
ae3d5f59-3901-426f-bcd2-b331dda82a5e,32636205483,Xander,Hendrickx,AB,Jacquelinelaan 1,District Plastic,Kuringen,GD                                                ,1996-07-17,
4e1fdeb9-79a7-4de8-91fa-ff4e1d89c496,91265637250,Thierry,Denis,O,42, rue Colin,District Mien,Sainte Marthedan,PW                                                ,1963-04-21,
047530df-005d-4778-9e47-8811002a9a35,12723570387,Алла,Карась,B,парк Василя Кандинського 2-й, буд. 09,District Заява,селище Великі Мости,TG                                                ,1961-02-23,
35b4e244-91ea-4a7b-b607-4fadc89abd70,12788089390,Борис,Пилипенко,O,вулиця Золотий берег, буд. 7 кв. 50,District Постійний,селище Підгайці,AZ                                                ,1955-05-30,
72a05459-5bf3-4dde-9997-035cbb586016,03054306578,প্রীতি,সরকার,A,বাসা নং ৯৮৪, রায়তলা,District খুন,চাঁপাইনবাবগঞ্জ,SI                                                ,1956-09-28,
47ce4d92-7558-4f91-bc53-54fdfd0473c2,91459490164,加奈,高橋,B,280 佐藤 Street,District バスケット,川崎市中原区,LC                                                ,1955-06-18,
d04de94a-2baa-4f52-b0e2-a12dd9908dff,75063844934,Brooke,Wallace,AB,5/765 Todd Extension,District Placeat,Brianland,NSW                                               ,1988-02-10,
c6abb482-56ed-43a8-989d-409df74eab7d,34616072184,直子,中村,AB,972 加藤 Street,District 器官,匝瑳市,TW                                                ,1961-12-24,
1562384d-d8a0-45ce-b83d-d92e7e5f8624,64718230342,José Eduardo,Rangel,O,Boulevard Campeche 599 Edif. 790 , Depto. 965,District Apoyo,Vieja Mozambique,SON                                               ,1962-06-09,
39f62b78-8a7b-45ba-93eb-6a481fe357da,82112859790,Kristóf,Márton,O,Belsőtamásii utca 233.,District Consectetur,Tótkövesd,TO                                                ,1988-03-06,
fb424460-08a8-4317-816d-3e111ebc6f24,02313015640,László,Szűcs,O,Oroszszéki utca 203.,District Sequi,Mindszentdevecser,LC                                                ,2006-03-14,
53835e63-3972-4149-9acf-622d194a6b35,67852467662,亮介,山崎,O,414 石川 Street,District コミュニケーション,横浜市神奈川区,BD                                                ,1996-11-10,
0b400c31-6561-434f-9d57-10a1523daf39,80918387961,Attila,Kovács,B,Hídfai út 228.,District Assumenda,Ligetbánya,SG                                                ,1957-10-23,
29fad736-3ce1-4e9f-80f4-a8df1eafeb10,57896525035,Zoltán,Kovács,A,Petőfi sándor tér 75.,District Assumenda,Kereszthida,BN                                                ,1967-08-09,
c629b8dc-0f9f-4eda-91ec-cdb634cdfb62,29594479083,Камілла,Величко,O,узвіз Стражеска Миколи, буд. 5,District Метал,село Алушта,AG                                                ,1947-08-08,
48b53f9c-b346-4a57-a18a-16dec0246c32,96715848872,智也,鈴木,AB,689 村上 Street,District 倫理,横浜市港南区,DZ                                                ,1956-12-17,
a55afd4c-c982-432f-b561-9fca2d07e54f,33192946415,Marianna,Török,O,Mellékharasztii tér 140.,District Tempora,Székesfehérvár,TH                                                ,2007-10-02,
e16d6402-bd98-4c51-b421-2e5c8304a5b5,14833060872,Raúl,Gil,B,Eje vial Norte del Río 899 Edif. 485 , Depto. 526,District Menor,San Yeni de la Montaña,GTO                                               ,2002-09-25,
2f8c8e17-c559-43d5-bf9f-f01a20181822,28656116292,Ivonne,Cadena,O,Eje vial Kuwait 067 Edif. 579 , Depto. 457,District Podía,Nueva Belarús,Q. ROO                                            ,1986-08-22,
2b9e23d8-0b79-40bb-9e56-625bc5cbc032,29565738386,Mercedes,Berríos,B,Boulevard Sur Padilla 488 Interior 844,District Grandes,Nueva Santa Lucía,MEX                                               ,1961-04-23,
0581e06c-8c20-454c-bf84-443c90e20082,70287101901,Norbert,Vörös,O,Dózsa györgy utca 165.,District Corrupti,Győr,GY                                                ,1952-09-04,
a89d14b9-f992-4d63-bc7f-a053d14a69c6,02620136100,Gabriel,Huet,B,3, rue Lemaître,District Retenir,Gimenez,PL                                                ,1959-01-05,
7e110066-f0d9-4a06-a9cc-97bb86cc8f41,46539503867,Jose,Gray,B,081 Roberts Slope,District Dignissimos,South Richard,SA                                                ,1954-11-12,
161af374-52fa-41db-9cde-58758d4de3e4,86171033634,Shelby,Trujillo,B,Apt. 508 0 Wilkinson Service Way,District Nihil,Fieldsstad,WA                                                ,1971-06-03,
fc6f2c95-34b1-45a4-b2eb-3465e1bac32e,18677016936,Blanca,Delgadillo,O,Calle República Popular Democrática de Corea 315 Interior 984,District Visto,Vieja Granada,AGS                                               ,1948-03-01,
010989a6-85c0-4c85-abb8-9020b3e8fca2,95904068583,Ilona,Mészáros,O,Melléknémetii utca 161.,District In,Békéscsaba,CF                                                ,1953-11-06,
b9ab6b27-44f0-48c0-b5d0-2462d299f320,71063700941,Leonel,Corrales,O,Cerrada El Salvador 361 424,District Precio,Nueva Sudáfrica,OAX                                               ,2002-02-17,
23f568eb-ca3a-411d-b061-5b6824542e92,26705077376,香織,小林,O,090 山口 Street,District あった,西多摩郡日の出町,CH                                                ,2006-11-19,
0ffb3ded-fb69-4a65-8e49-b7c4ed359e40,85577935539,Denis,Robert,O,36, rue Christelle Bouvier,District Reculer,Sainte Marcelle,MX                                                ,1950-07-06,
f20cb0ee-2eb8-4ce4-bab8-abee959cd003,66791231898,Aurora,Alfaro,A,Eje vial Sur Ontiveros 279 Edif. 162 , Depto. 153,District Segundo,San Javier los altos,MOR                                               ,1946-07-18,
8d6563cc-8889-462b-9073-bec8962a988a,28228904528,János,Molnár,B,Szabadság utca 51.,District Doloribus,Szerbtamásifalu,ST                                                ,1968-10-26,
f08457d3-3776-4e39-93c2-897e7a067882,83403221204,আফসানা,কাদের,A,বাসা নং ৮৫৬, রায়পাড়া,District ইস্ত্রি,নরসিংদী,GH                                                ,1999-07-18,
f24468ae-d62e-4b9e-9575-db4414a478d9,84591506138,真綾,藤井,A,908 加藤 Street,District 催眠術,山武郡横芝光町,SB                                                ,1946-05-27,
eb18f7d0-db22-4ab0-8b3d-6c6d02a1f89f,93970556051,Raúl,Trujillo,A,Circunvalación Sur Regalado 983 Interior 661,District Hospital,Nueva Chile,DGO                                               ,1945-01-01,
51d9593d-1d6a-4126-b32d-91cccc1483c0,17794628706,Софія,Карась,AB,вулиця Шахтинський, буд. 07 кв. 036,District Близько,село Белз,BO                                                ,1990-12-05,
4bf2ab27-9401-4ea2-a015-62f99ee96f7e,68631544598,Thomas,Jacquet,B,42, boulevard Ollivier,District Pont,Guillaumedan,CL                                                ,1997-10-17,
bb31c267-d5c8-4272-889c-0416e415566d,91725769987,মিথিলা,জামান,O,হোল্ডিং নং ৮৪, কুতুবমাটি,District ওদেরকে,পটুয়াখালী,NL                                                ,1982-07-27,
569fe5a9-8954-42a9-8695-bed0de6f44b2,69742794005,Marc,Smolders,AB,Anniesingel 66,District Nek,Nieuwkerke,HU                                                ,1960-03-10,
0ce768f4-14af-4f88-8eef-433c9cda8931,30758021977,Ernesto,Ibarra,O,Corredor Sonora 114 Interior 508,District Persona,San Claudio de la Montaña,COL                                               ,1981-09-08,
8a0141e0-ba41-4ab6-a3c9-fe92f64c9b13,63154365206,Юстим,Козак,B,проспект Володі Дубініна, буд. 269,District Через,селище Моспине,TW                                                ,1981-09-09,
fdd4d34b-7241-4412-8cce-4b28d8f24c86,69681883818,Renato,Alcaraz,A,Retorno Aparicio 053 785,District Posibilidad,San Daniela de la Montaña,DF                                                ,1969-03-03,
7d87f921-5f3f-406a-9daf-5325122a0ce7,28703585054,Citlali,Samaniego,B,Andador Sur Navarro 016 824,District Deja,San Uriel de la Montaña,SON                                               ,1970-03-15,
859364e9-f4e6-402d-8463-884217896736,60777343398,Christine,Boon,O,Leonring 56,District Wie,Pulderbos,MM                                                ,1996-05-06,
b9b4b4e4-cbb7-4fc8-88fe-84e137409c80,53176639401,Josefine,Petersen,B,Jupitergade 395,District Ungdom,Skibby,Sjælland                                          ,1995-10-28,
a5730252-cb1f-4acd-a76b-011fb2603a3b,11324458938,Sine,Clausen,A,Indiagade 972,District Centrum,Valby,Hovedstaden                                       ,1992-03-29,
b330fb8e-c753-4400-9df3-077f3c62b3a3,46661427836,Kayla,Greene,O,Suite 244 5 John Chase,District Dolore,New Jamesstad,TAS                                               ,1964-02-17,
174a7f5d-5882-4d54-8a30-83148b2bcdc0,63565144978,Adela,Orosco,O,Continuación Veracruz de Ignacio de la Llave 725 Interior 000,District Julio,Vieja Indonesia,GTO                                               ,1994-12-25,
09edccea-9d19-4f36-b01c-ce55df651484,63238013215,Freddy,Jessen,A,Laplandsgade 28,District Administration,Egtved,Nordjylland                                       ,1967-09-24,
b1652870-6db5-43ea-bfe1-a018520dcc7e,28256384963,Hilda,Alba,AB,Circuito México 093 Edif. 847 , Depto. 729,District República,San Marisol de la Montaña,MEX                                               ,1996-02-02,
4f96ed05-f47b-4848-b9b4-ab6502580305,38682306246,Tammy,Burgess,A,445/822 Rebecca Laneway,District Illo,East Todd,VIC                                               ,1963-12-23,
47a753f1-d5f5-49cc-8ce0-d20a676c5db4,98528506793,An,Hendrickx,O,Maartenboulevard 83,District Prinses,Elouges,SL                                                ,1955-08-21,
9a381af3-23f1-4554-bd93-9a664aa0786a,11600089818,Валентин,Таран,AB,парк Водопровідний 3-й, буд. 6,District Щось,село Сокиряни,WS                                                ,2001-01-16,
a6162876-6eee-4d90-8e87-126869c1e156,67094883063,Ігнат,Андрусенко,B,площа Людмили Гінзбург, буд. 628,District Монета,місто Чортків,EC                                                ,1977-08-12,
42158fa8-08af-4aff-89c0-32ea6cd1309a,21121460977,Victoire,Richard,A,21, boulevard Vallet,District Quinze,Weber,LI                                                ,1967-12-20,
ed6a84b6-163d-4342-9075-6d2869abb71a,56018433753,Amy,Graham,O,43/31 Jonathan Stairs,District Rerum,Lake Kellyhaven,WA                                                ,1998-03-07,
e7d0b474-3dc4-4ab8-ad59-b487dfad1b86,60093178593,Віолетта,Андрійович,AB,провулок Ігоря Іванова, буд. 239 кв. 31,District Доба,місто Павлоград,CR                                                ,1987-11-26,
48914771-0db0-480b-81a9-45db1d2e1456,60303355724,নুসরাত,বাগচী,B,বিল্ডিং নং ৮০৪, দক্ষিণ গোপালডাঙ্গা প্লাজা,District কোনও,বাগেরহাট,AL                                                ,1975-02-04,
9aea3e2b-9d03-45b7-b8c6-bf6e27c59195,86594734751,Mária,Vass,B,Ózdi utca 99.,District Iure,Ózd,AL                                                ,1987-03-03,
a62f7a17-ec4d-42fc-95a6-7a9154443b4d,98572017437,Ibolya,Máté,A,Keresztvári utca 22.,District Earum,Keresztnádasd,ZW                                                ,2004-11-21,
488115c0-b787-4ed0-af11-035cc59f812d,13321436413,সৌম্য,বিশ্বাস,AB,বিল্ডিং নং ৪, নতুন বন্দরখালি চত্বর,District কলম,বরিশাল,FI                                                ,1970-08-13,
1efb79ab-c882-48eb-892c-f16ad43aee3b,04717801686,Yda,Christoffersen,A,Grønjords Allé 35,District Ikke,Risskov,Nordjylland                                       ,1991-03-05,
16f49591-2467-4f37-9457-aa4c33f8a58e,56734192391,Levente,Molnár,O,Dózsa györgy tér 188.,District Fugiat,Hajdúhetvendevecser,MN                                                ,1954-01-11,
1c092265-913b-4049-95fc-f52fbe7f734f,61908790864,Hermelinda,Jurado,A,Callejón Bangladesh 612 349,District Tenían,Vieja San Marino,ZAC                                               ,1955-12-19,
384e5793-5a33-4f8a-b54b-7f412a540c0b,73600435243,Horacio,Preciado,O,Eje vial Amaya 477 Interior 000,District Hubo,San Federico los bajos,MOR                                               ,2001-06-14,
1518a376-51d0-4439-95b5-07a9a3a92b2a,78251954008,直人,坂本,A,835 鈴木 Street,District 腐った,印旛郡本埜村,BG                                                ,1982-03-16,
d8f6412e-811a-4bfe-aaba-3a4c0d66f5d5,30784295629,Mathilde,Bouvier,O,boulevard Thibault Regnier,District Peur,Barbe,CA                                                ,1988-12-06,
c34ab2f0-8beb-437e-b751-f30ba13036c3,80412102462,Nancy,Van Damme,O,Kobehof 987,District Tussen,Heure-le-Romain,BO                                                ,1969-09-11,
48bc45a4-495d-480e-9b7e-8745e43f35d6,07612468258,Thomas,Lombard,O,90, rue Raymond,District Dormir,Ferreira-sur-Rodriguez,LY                                                ,1972-11-19,
49e6003c-31ce-423d-9440-90386ceeee21,97701428965,মাধু,দত্ত,B,বিল্ডিং নং ৯, দেবীখালি স্টেশন,District আবহাওয়া,মানিকগঞ্জ,FJ                                                ,1961-04-26,
0e79aef6-b94f-4c9e-b9bc-c9898e8e0370,87089990658,László,Hegedüs,B,Ligetnádasdi utca 109.,District Veniam,Tótkőrös,GN                                                ,1987-07-16,
29a161c7-4d99-493e-9f1c-c9378d4b0641,93159099400,智也,伊藤,O,758 林 Street,District 学生,大網白里市,GY                                                ,1980-06-11,
c6d2ecff-f93f-4553-9330-b01f0dc3e43b,47717595666,Ron,Schultz,AB,Billed Allé 8,District Vild,Ishøj,Syddanmark                                        ,1976-11-04,
3f52ac6f-0457-43c0-a9e4-c556f1306dee,41449434600,Erzsébet,Kocsis,B,Dunamelléki utca 105.,District A,Balatonhídapáti,AD                                                ,1981-11-24,
e8786084-bc4c-4261-85cb-1f44bc8f2506,52899202152,Lucie,Bourgeois,B,chemin Bernard Navarro,District Posséder,Hebert,MA                                                ,1959-03-30,
c4de29f2-5248-4f19-a6ca-bf3f22f0e62e,16124158420,Онисим,Дубина,B,площа 2-й Академічний тупик, буд. 853 кв. 5,District Інтернет,хутір Перевальськ,BH                                                ,1992-09-23,
897c18f3-66a8-4a08-b697-b1e63ef18702,65127093141,Théophile,Bourdon,A,46, chemin de Guillot,District Livrer,Saint MichelleVille,TR                                                ,1955-07-18,
7de48a3a-2c9b-47ca-b439-445993a9afef,13313784391,আয়ুষ,চন্দ্র,B,হোল্ডিং নং ৪১৩, পশ্চিম দৌলতপাড়া,District টেক্কা,গাইবান্ধা,PL                                                ,1990-02-08,
3d126814-c304-43e0-99dd-9f8a2e20d1eb,13283626162,Árpád,Fekete,A,Dózsa györgy tér 209.,District Molestiae,Ligetfa,MW                                                ,1949-04-03,
1922def4-3571-45cd-b1f7-bb2cf5351566,52545702287,Patrick,Claus,A,Dirksingel 68,District Glimlach,Bütgenbach,JM                                                ,1962-12-03,
15dc557e-4531-47b0-924a-2e6295dba607,13394104039,Jean,Theys,AB,Rudidreef 530,District Lopen,Beringen,DJ                                                ,1950-09-15,
dd75d402-4335-49be-a269-39bd53dfada1,67133054006,Борис,Даценко,AB,вулиця Амундсена, 2-й, буд. 75 кв. 4,District Покидати,село Бровари,MR                                                ,1968-07-04,
90f25b2b-0e97-4fbc-b9d0-ba32a32007fa,74266514804,Марина,Дрозденко,AB,сквер Черкаська, буд. 8 кв. 7,District Коваль,місто Снятин,VN                                                ,1999-02-27,
d4f86d37-29bb-44b9-ab1a-b23b42666264,52500534023,Bodil,Dahl,O,Sonnerupgade 934,District Sværge,Kokkedal,Syddanmark                                        ,1983-08-23,
2dc924b0-711c-48d2-826b-3a3b0d2fb441,24580282948,Cornelio,Meza,B,Retorno Distrito Federal 138 Interior 097,District Primer,Nueva Guinea Ecuatorial,SLP                                               ,1959-05-06,
c3289231-d5a3-4894-85b2-9c903fbe90de,47145241153,Григорій,Андрощук,AB,вулиця Рульовий, буд. 00,District Пристойний,місто Мерефа,IQ                                                ,1955-07-02,
22df3c20-7ff6-404a-b75e-70ccffb4a1db,25775639905,Joachim,Vermeulen,A,Miekeboulevard 1,District Bodem,Bienne-lez-Happart,SO                                                ,1988-10-28,
60ad1c7c-83f5-41f0-9922-b542115a6f81,95760124779,Georgina,Bonilla,A,Eje vial México 665 406,District Dice,San Clara los altos,ZAC                                               ,1988-04-04,
4d2cb646-4c4e-456b-92e4-b08b3693cad7,46975001970,Israel,Nava,AB,Viaducto Burundi 036 Interior 413,District Común,Nueva Guinea Bissau,MOR                                               ,1985-07-13,
91b0e10b-d051-4f27-9c32-f2dd590160ef,27216768258,Марина,Романенко,A,набережна Давида Бурлюка, буд. 712 кв. 097,District Прем'Єра,село Золоте,BT                                                ,1990-12-27,
cb883116-a397-4988-921b-445ededef046,32620711832,Javier,Wilkinson,O,08 Zachary Sound,District Dolor,West Phillipmouth,QLD                                               ,1967-09-20,
7242b264-d7ec-4a5d-9d8c-a66979246bf9,76367778743,অক্ষয়,সিনহা,B,বিল্ডিং নং ৭৫০, মোহনমহাসড়ক,District নকল,নওগাঁ,SN                                                ,1973-10-05,
a3523c36-d899-4f08-a32e-8721180632e0,72506017224,Kristof,Vercauteren,A,Bartbaan 15,District Taxi,Poulseur,IN                                                ,1998-06-12,
4481f327-e8a2-4b28-bbfe-18601fe6810b,04185767983,Захар,Овчаренко,AB,шосе Миколи Савича, буд. 12 кв. 5,District Танцювати,хутір Зоринськ,FJ                                                ,1972-12-22,
99ad48e7-58fc-46a7-8eca-4b54ec21d31e,09429799908,真綾,藤田,A,919 伊藤 Street,District 立派な,八街市,BS                                                ,1964-02-22,
f2c97c9a-4097-4c74-b5d6-117e923b7aad,76129650459,Nicholas,Perkins,AB,32 Madden Centre,District Exercitationem,St. Zoe,NT                                                ,1997-04-10,
63125c59-f591-4699-8d85-083e716eed14,41898756318,Stephanie,Berg,O,350 Amy Route,District Dolorum,West Jason,NSW                                               ,1974-06-11,
609af432-231c-4331-b5e2-9072028ced10,79570107788,Alberto,Trejo,O,Circuito Sur Casillas 857 Edif. 882 , Depto. 999,District Personal,Nueva Bahrein,VER                                               ,2004-06-19,
c0d5d49a-0c8b-4888-b267-0d949346404a,03746564442,Felix,De Clercq,A,Kristofbaan 95,District Mama,Stembert,NA                                                ,1983-09-05,
568cc4a3-1cb5-4929-9608-555b56aeb0ed,22276432698,Julien,Labbé,O,44, rue de Louis,District Présence,Blanchardnec,JM                                                ,1978-09-28,
1cb66c53-95f5-41a2-831b-d570a04e2bcd,83214016495,Juliette,Boutin,AB,291, boulevard de Morin,District Sortir,NormandVille,CF                                                ,1970-06-01,
3cc64f85-fc24-4ec6-841b-8dbb03afaeb0,59023965999,Francisco,Keith,A,Suite 565 121 Robert Triangle,District Qui,Charlesland,TAS                                               ,1992-11-23,
abd0435c-4e80-4d5d-afd4-480c8228d046,17911105567,裕樹,小林,O,114 三浦 Street,District カラム,夷隅郡御宿町,SB                                                ,1952-09-08,
c44383e1-7dfe-4bc0-b2af-aedc59789756,65435584486,Mathilde,Julien,AB,554, rue Louise Delorme,District Perdre,Meunier-la-Forêt,GB                                                ,1984-01-29,
9790c1cf-83b0-4af7-b036-ab0088569487,73277009554,Laura,Pattyn,B,Mohamedsteeg 137,District Zwembad,Neerlanden,AT                                                ,1985-05-15,
f425566c-7729-4c2b-9d51-d25542e2e01c,93743322931,Oswaldo,Ochoa,B,Andador Norte Estrada 667 176,District Obstante,San Gustavo de la Montaña,TAB                                               ,1963-12-17,
800c844e-d89f-412b-8415-7144e4b0d1c1,70392363915,Marijke,Janssens,O,Hansdreef 08,District Dochter,Wéris,ET                                                ,1992-09-08,
96fb5972-99f0-49d6-b1c4-1e64c504794d,26818653075,Nicolas,Daniel,B,rue Patrick Gaillard,District Mois,Lenoir,MN                                                ,1950-09-28,
1cf5c18f-68a6-43a0-8bb2-97f7ea952dd1,74782007266,Violeta,Ballesteros,B,Diagonal Somalia 284 Edif. 210 , Depto. 753,District Trabajadores,San Gregorio de la Montaña,COAH                                              ,2004-05-20,
4ed1ce36-86ca-4269-b153-4f25763e06dc,81199698800,Zsuzsanna,Balogh,AB,Mártonkőrösi utca 86.,District Magnam,Hetvenhida,IE                                                ,1949-08-15,
7a1a5bc5-8aaa-4b4a-9e4d-7a27635edddf,72083183774,সাব্বির,মিঞা,B,হোল্ডিং নং ৮৪৭, উত্তর আলিরাস্তা,District হাসপাতাল,বরগুনা,PK                                                ,1953-09-28,
38a25468-52a9-4be1-b6c6-e4aef8fe34e0,22020918457,Elias,Barragán,AB,Prolongación Camboya 436 307,District Hacía,San Mariano de la Montaña,SON                                               ,2000-03-13,
57264a0d-9e27-42b3-955d-c9416f0654a6,34790477576,Laurence,Celis,A,Patricklei 182,District Perfect,Heindonk,CL                                                ,1965-01-26,
d2f85ca3-3692-4748-9b3f-b965e245ad3c,24354458255,Timothy,Anderson,O,927 Garcia Siding,District Vitae,Donnahaven,ACT                                               ,1950-01-05,
9f0451b6-4af6-4c58-b17c-5a68a465a6e2,88430355279,Юстим,Гресь,A,проспект Болгарська, буд. 87 кв. 1,District Запустити,село Чистякове,DO                                                ,1957-10-23,
83f7e52a-0397-4244-89b3-a8408b81a286,84841515151,Frans,Thygesen,AB,Dronningens Tværvej 17,District Reduktion,Løgstrup,Sjælland                                          ,1984-04-01,
cc898418-cc37-4b85-a932-dceb740bfe37,02313362601,Inès,Guyot,A,chemin Gonzalez,District Demander,Prévost,BZ                                                ,1996-05-08,
84028d6f-aec8-4ab7-8028-7c01749080fb,40118603234,Benoît,Gérard,A,99, rue de Jacquot,District Trace,Rocher,MK                                                ,1957-10-16,
b16d45e0-eac9-4d91-a1ea-b2ef7efd2e7b,58388997527,আশীষ,মোড়ল,O,ষ্টুডিও ২৭, হোল্ডিং নং ৬, উত্তর কুতুবগলি,District খেয়াল,রাজবাড়ী,DE                                                ,1959-08-19,
(500 rows)
